TIME,SIZE,RESP,TH,ERROR
2006-07-05 18:10:01,848,2277,0.37241985068072,NO
2006-07-05 20:10:02,854,2574,0.331779331779332,NO
2006-07-05 22:10:01,863,5829,0.148052839252016,NO
2006-07-06 00:10:01,856,2608,0.328220858895706,NO
2006-07-06 02:10:01,848,2625,0.323047619047619,NO
2006-07-06 04:10:01,859,2921,0.294077370763437,NO
2006-07-06 06:10:01,849,2701,0.314328026656794,NO
2006-07-06 08:10:01,853,3164,0.269595448798989,NO
2006-07-06 10:10:01,853,2195,0.388610478359909,NO
2006-07-06 12:10:01,860,4376,0.196526508226691,NO
2006-07-06 14:10:01,858,2286,0.375328083989501,NO
2006-07-06 16:10:01,860,2480,0.346774193548387,NO
2006-07-06 18:10:01,867,2286,0.379265091863517,NO
2006-07-06 20:10:01,850,2411,0.352550808793032,NO
2006-07-06 22:10:01,866,2691,0.321813452248235,NO
2006-07-07 00:10:02,850,2633,0.322825674135967,NO
2006-07-07 02:10:01,849,2649,0.320498301245753,NO
2006-07-07 04:10:01,848,3378,0.251036116044997,NO
2006-07-07 06:10:02,856,2175,0.393563218390805,NO
2006-07-07 08:10:01,848,7445,0.11390194761585,NO
2006-07-07 10:10:01,855,4612,0.185385949696444,NO
2006-07-07 12:10:01,855,2395,0.356993736951983,NO
2006-07-07 14:10:01,848,2633,0.32206608431447,NO
2006-07-07 16:10:01,855,2811,0.304162219850587,NO
2006-07-07 18:10:01,856,2889,0.296296296296296,NO
2006-07-07 20:10:01,849,2411,0.352136043135628,NO
2006-07-07 22:10:01,855,25636,0.0333515369012326,NO
2006-07-08 00:10:01,855,2184,0.391483516483516,NO
2006-07-08 02:10:02,848,5291,0.16027216027216,NO
2006-07-08 04:10:02,850,3278,0.259304453935326,NO
2006-07-08 06:10:01,849,2276,0.373022847100176,NO
2006-07-08 08:10:01,848,2510,0.337848605577689,NO
2006-07-08 10:10:01,848,9293,0.0912514796083073,NO
2006-07-08 12:10:01,848,3420,0.247953216374269,NO
2006-07-08 14:10:02,855,2534,0.337411207576953,NO
2006-07-08 16:10:02,855,2709,0.315614617940199,NO
2006-07-08 18:10:02,856,2905,0.294664371772806,NO
2006-07-08 20:10:02,855,2147,0.398230088495575,NO
2006-07-08 22:10:01,849,2668,0.318215892053973,NO
2006-07-09 00:10:01,855,4626,0.184824902723735,NO
2006-07-09 02:10:02,850,2192,0.387773722627737,NO
2006-07-09 04:10:02,848,3129,0.271013103227868,NO
2006-07-09 06:10:02,851,2164,0.393253234750462,NO
2006-07-09 08:10:01,851,2794,0.304581245526127,NO
2006-07-09 10:10:01,855,2164,0.395101663585952,NO
2006-07-09 12:10:01,848,2469,0.343458890238963,NO
2006-07-09 14:10:01,855,2794,0.306012884753042,NO
2006-07-09 16:10:01,855,2315,0.369330453563715,NO
2006-07-09 18:10:01,852,2599,0.327818391689111,NO
2006-07-09 20:10:01,859,2842,0.302251935256861,NO
2006-07-09 22:10:01,863,2175,0.396781609195402,NO
2006-07-10 00:10:02,851,2784,0.305675287356322,NO
2006-07-10 02:10:02,850,2106,0.40360873694207,NO
2006-07-10 04:10:01,849,5116,0.165949960906959,NO
2006-07-10 06:10:01,856,2205,0.388208616780045,NO
2006-07-10 08:10:01,860,2657,0.323673315769665,NO
2006-07-10 10:10:01,856,2895,0.295682210708117,NO
2006-07-10 12:10:01,856,7612,0.112454019968471,NO
2006-07-10 14:10:02,849,2575,0.329708737864078,NO
2006-07-10 16:10:01,862,2729,0.315866617808721,NO
2006-07-10 18:10:01,865,2479,0.348931020572812,NO
2006-07-10 20:10:01,862,3162,0.272612270714737,NO
2006-07-10 20:10:02,859,8649,0.0993178402127414,NO
2006-07-10 22:10:02,862,3377,0.255256144506959,NO
2006-07-11 00:10:02,856,2798,0.305932809149392,NO
2006-07-11 02:10:01,864,2208,0.391304347826087,NO
2006-07-11 04:10:02,856,3643,0.234971177600878,NO
2006-07-11 06:10:01,857,2269,0.377699427060379,NO
2006-07-11 08:10:01,856,2887,0.296501558711465,NO
2006-07-11 10:10:01,867,2527,0.343094578551642,NO
2006-07-11 12:10:01,851,3090,0.275404530744337,NO
2006-07-11 14:10:02,856,3052,0.280471821756225,NO
2006-07-11 16:10:01,856,9307,0.0919737831739551,NO
2006-07-11 18:10:01,854,2328,0.366838487972509,NO
2006-07-11 20:10:01,862,3888,0.221707818930041,NO
2006-07-11 22:10:01,874,2314,0.377700950734659,NO
2006-07-12 00:10:02,859,2669,0.321843387036343,NO
2006-07-12 02:10:02,874,2698,0.323943661971831,NO
2006-07-12 04:10:01,857,4150,0.206506024096386,NO
2006-07-12 06:10:01,857,12550,0.0682868525896414,NO
2006-07-12 08:10:01,856,2293,0.373310074138683,NO
2006-07-12 10:10:01,856,3675,0.232925170068027,NO
2006-07-12 12:10:02,856,3264,0.262254901960784,NO
2006-07-12 14:10:02,849,2851,0.297790249035426,NO
2006-07-12 16:10:01,849,2599,0.32666410157753,NO
2006-07-12 18:10:01,857,2966,0.28894133513149,NO
2006-07-12 20:10:01,867,13928,0.0622487076392878,NO
2006-07-12 22:10:01,861,5575,0.154439461883408,NO
2006-07-13 00:10:02,856,2561,0.334244435767278,NO
2006-07-13 02:10:02,847,2458,0.344589096826688,NO
2006-07-13 04:10:02,855,3751,0.227939216209011,NO
2006-07-13 06:10:01,862,2281,0.377904427882508,NO
2006-07-13 08:10:02,855,2767,0.308998915793278,NO
2006-07-13 10:10:02,855,3166,0.270056854074542,NO
2006-07-13 12:10:01,855,2721,0.314222712238148,NO
2006-07-13 14:10:01,864,6266,0.137887009256304,NO
2006-07-13 16:10:02,869,2309,0.376353399740147,NO
2006-07-13 18:10:01,865,7811,0.110741262322366,NO
2006-07-13 20:10:01,864,3351,0.257833482542525,NO
2006-07-13 22:10:01,864,3185,0.2712715855573,NO
2006-07-14 00:10:01,854,2482,0.344077356970185,NO
2006-07-14 02:10:01,859,2670,0.321722846441948,NO
2006-07-14 04:10:02,857,3909,0.21923765668969,NO
2006-07-14 06:10:01,852,2398,0.355296080066722,NO
2006-07-14 08:10:02,851,2686,0.316827997021593,NO
2006-07-14 10:10:01,849,2921,0.290653885655597,NO
2006-07-14 12:10:01,855,2332,0.36663807890223,NO
2006-07-14 14:10:02,849,5524,0.153692976104272,NO
2006-07-14 16:10:01,849,2406,0.35286783042394,NO
2006-07-14 18:10:01,857,2599,0.329742208541747,NO
2006-07-14 20:10:01,851,2266,0.375551632833186,NO
2006-07-14 22:10:01,856,2709,0.315983757844223,NO
2006-07-15 00:10:01,856,2696,0.317507418397626,NO
2006-07-15 02:10:01,856,2163,0.395746648173833,NO
2006-07-15 04:10:01,856,3926,0.218033622007132,NO
2006-07-15 06:10:02,857,2369,0.361756015196285,NO
2006-07-15 08:10:01,849,2847,0.298208640674394,NO
2006-07-15 10:10:02,849,2675,0.317383177570093,NO
2006-07-15 12:10:01,849,2176,0.390165441176471,NO
2006-07-15 14:10:01,849,2638,0.321834723275209,NO
2006-07-15 16:10:01,849,2170,0.391244239631336,NO
2006-07-15 18:10:02,857,2921,0.293392673741869,NO
2006-07-15 20:10:01,856,7432,0.115177610333692,NO
2006-07-15 22:10:01,856,2221,0.385411976587123,NO
2006-07-16 00:10:01,849,2667,0.318335208098988,NO
2006-07-16 02:10:01,857,2626,0.326351865955826,NO
2006-07-16 04:10:02,849,4084,0.207884427032321,NO
2006-07-16 06:10:02,850,5395,0.157553290083411,NO
2006-07-16 08:10:02,856,2607,0.328346758726506,NO
2006-07-16 10:10:01,849,2224,0.381744604316547,NO
2006-07-16 12:10:01,856,2632,0.325227963525836,NO
2006-07-16 14:10:01,849,2755,0.308166969147005,NO
2006-07-16 16:10:01,856,2286,0.374453193350831,NO
2006-07-16 18:10:02,852,2561,0.332682545880515,NO
2006-07-16 20:10:02,851,2724,0.312408223201175,NO
2006-07-16 22:10:01,851,2218,0.383678990081154,NO
2006-07-17 00:10:01,849,2805,0.302673796791444,NO
2006-07-17 02:10:01,849,2581,0.328942270437815,NO
2006-07-17 04:10:02,849,4375,0.194057142857143,NO
2006-07-17 06:10:02,853,2191,0.389319945230488,NO
2006-07-17 08:10:01,849,2711,0.313168572482479,NO
2006-07-17 10:10:02,849,2376,0.357323232323232,NO
2006-07-17 12:10:01,850,5878,0.144607009186798,NO
2006-07-17 14:10:02,847,5807,0.145858446702256,NO
2006-07-17 16:10:01,847,5393,0.157055442239941,NO
2006-07-17 18:10:01,855,3050,0.280327868852459,NO
2006-07-17 20:10:02,854,9769,0.0874193878595557,NO
2006-07-17 22:10:01,854,2691,0.3173541434411,NO
2006-07-18 00:10:01,854,2604,0.327956989247312,NO
2006-07-18 02:10:01,854,2334,0.365895458440446,NO
2006-07-18 04:10:01,854,4501,0.189735614307932,NO
2006-07-18 06:10:02,855,2268,0.376984126984127,NO
2006-07-18 08:10:01,856,2663,0.321441982726249,NO
2006-07-18 10:10:01,851,2929,0.290542847388187,NO
2006-07-18 12:10:02,856,3447,0.248331882796635,NO
2006-07-18 14:10:01,856,2146,0.398881640260951,NO
2006-07-18 16:10:01,856,2744,0.311953352769679,NO
2006-07-18 18:10:01,852,2885,0.295320623916811,NO
2006-07-18 20:10:01,852,8674,0.0982245792022135,NO
2006-07-18 22:10:01,851,2199,0.386994088221919,NO
2006-07-19 00:10:01,851,2708,0.314254062038405,NO
2006-07-19 02:10:01,853,2258,0.377767936226749,NO
2006-07-19 04:10:01,857,3976,0.215543259557344,NO
2006-07-19 06:10:02,849,2226,0.381401617250674,NO
2006-07-19 08:10:01,850,2810,0.302491103202847,NO
2006-07-19 10:10:01,848,2726,0.311078503301541,NO
2006-07-19 12:10:01,856,2656,0.322289156626506,NO
2006-07-19 14:10:01,851,5594,0.152127279227744,NO
2006-07-19 16:10:02,852,2818,0.302342086586231,NO
2006-07-19 18:10:01,859,2890,0.297231833910035,NO
2006-07-19 20:10:01,851,7049,0.120726344162293,NO
2006-07-19 22:10:01,861,6166,0.139636717482971,NO
2006-07-20 00:10:01,864,2751,0.314067611777535,NO
2006-07-20 02:10:01,862,2614,0.329762815608263,NO
2006-07-20 04:10:01,852,4533,0.187954996690933,NO
2006-07-20 06:10:02,863,2243,0.384752563530985,NO
2006-07-20 08:10:01,864,9587,0.0901220402628559,NO
2006-07-20 10:10:01,859,4074,0.210849288168876,NO
2006-07-20 12:10:01,853,8192,0.1041259765625,NO
2006-07-20 14:10:02,854,5607,0.15230961298377,NO
2006-07-20 16:10:01,868,5284,0.164269492808478,NO
2006-07-20 18:10:02,851,4770,0.178406708595388,NO
2006-07-20 20:10:01,851,13893,0.061253868854819,NO
2006-07-20 22:10:01,859,6860,0.125218658892128,NO
2006-07-21 00:10:02,860,2709,0.317460317460317,NO
2006-07-21 02:10:01,864,2509,0.344360302909526,NO
2006-07-21 04:10:01,859,12973,0.0662144453865721,NO
2006-07-21 06:10:01,853,2253,0.378606302707501,NO
2006-07-21 08:10:01,857,4706,0.182107947301317,NO
2006-07-21 10:10:01,851,2972,0.286339165545087,NO
2006-07-21 12:10:02,860,7170,0.119944211994421,NO
2006-07-21 14:10:01,864,4184,0.206500956022945,NO
2006-07-21 16:10:01,849,11242,0.075520370040918,NO
2006-07-21 18:10:01,857,5460,0.156959706959707,NO
2006-07-21 20:10:01,862,11834,0.0728409667061011,NO
2006-07-21 22:10:02,856,2529,0.338473705021748,NO
2006-07-22 00:10:01,855,2884,0.296463245492372,NO
2006-07-22 02:10:01,850,2602,0.326671790930054,NO
2006-07-22 04:10:02,850,3434,0.247524752475248,NO
2006-07-22 06:10:01,849,2447,0.346955455659992,NO
2006-07-22 08:10:01,848,2680,0.316417910447761,NO
2006-07-22 10:10:01,848,2119,0.400188768286928,NO
2006-07-22 12:10:01,850,2595,0.327552986512524,NO
2006-07-22 14:10:02,855,2590,0.33011583011583,NO
2006-07-22 16:10:01,855,2199,0.38881309686221,NO
2006-07-22 18:10:01,860,2624,0.327743902439024,NO
2006-07-22 20:10:02,851,2444,0.348199672667758,NO
2006-07-22 22:10:01,864,2640,0.327272727272727,NO
2006-07-23 00:10:01,855,5418,0.1578073089701,NO
2006-07-23 02:10:02,855,2297,0.372224640835873,NO
2006-07-23 04:10:02,865,3744,0.231036324786325,NO
2006-07-23 06:10:01,850,2139,0.397381954184198,NO
2006-07-23 08:10:01,864,2676,0.322869955156951,NO
2006-07-23 10:10:02,864,2652,0.32579185520362,NO
2006-07-23 12:10:01,856,2934,0.29175187457396,NO
2006-07-23 14:10:01,856,2135,0.400936768149883,NO
2006-07-23 16:10:01,860,7598,0.113187680968676,NO
2006-07-23 18:10:01,860,2181,0.394314534617148,NO
2006-07-23 20:10:02,852,2531,0.336625839589095,NO
2006-07-23 22:10:01,859,2382,0.360621326616289,NO
2006-07-24 00:10:01,859,2691,0.319212188777406,NO
2006-07-24 02:10:01,867,2607,0.332566168009206,NO
2006-07-24 04:10:02,851,3719,0.22882495294434,NO
2006-07-24 06:10:01,850,2288,0.371503496503497,NO
2006-07-24 08:10:01,849,3029,0.280290524925718,NO
2006-07-24 10:10:01,849,2373,0.357774968394437,NO
2006-07-24 12:10:01,851,5884,0.144629503738953,NO
2006-07-24 14:10:02,851,2824,0.301345609065156,NO
2006-07-24 16:10:01,856,2561,0.334244435767278,NO
2006-07-24 18:10:01,857,2805,0.305525846702317,NO
2006-07-24 20:10:01,867,2913,0.297631307929969,NO
2006-07-24 22:10:02,867,2661,0.325817361894025,NO
2006-07-25 00:10:02,851,2532,0.33609794628752,NO
2006-07-25 02:10:01,851,2194,0.387876025524157,NO
2006-07-25 04:10:02,856,3919,0.218423067108956,NO
2006-07-25 06:10:02,857,2262,0.378868258178603,NO
2006-07-25 08:10:01,856,4619,0.185321498159775,NO
2006-07-25 10:10:01,856,3230,0.265015479876161,NO
2006-07-25 12:10:01,856,2883,0.296912937911897,NO
2006-07-25 14:10:01,851,2633,0.323205469046715,NO
2006-07-25 16:10:01,867,2396,0.361853088480801,NO
2006-07-25 18:10:01,862,3010,0.286378737541528,NO
2006-07-25 20:10:01,0,41068,0,YES
2006-07-25 22:10:02,0,41080,0,YES
2006-07-26 00:10:01,0,41071,0,YES
2006-07-26 02:10:01,0,41067,0,YES
2006-07-26 04:10:02,0,42218,0,YES
2006-07-26 06:10:01,0,41085,0,YES
2006-07-26 08:10:01,0,41071,0,YES
2006-07-26 10:10:01,0,41066,0,YES
2006-07-26 12:10:01,851,3027,0.281136438718203,NO
2006-07-26 14:10:01,849,2326,0.365004299226139,NO
2006-07-26 16:10:02,0,41063,0,YES
2006-07-26 18:10:01,0,41066,0,YES
2006-07-26 20:10:01,0,41069,0,YES
2006-07-26 22:10:01,0,41077,0,YES
2006-07-27 00:10:02,0,41063,0,YES
2006-07-27 02:10:02,0,41083,0,YES
2006-07-27 04:10:02,0,42143,0,YES
2006-07-27 06:10:02,0,41080,0,YES
2006-07-27 08:10:02,856,3049,0.280747786159397,NO
2006-07-27 10:10:01,856,2708,0.316100443131462,NO
2006-07-27 12:10:02,856,3151,0.271659790542685,NO
2006-07-27 14:10:01,856,2287,0.374289462177525,NO
2006-07-27 16:10:01,859,5932,0.144807821982468,NO
2006-07-27 18:10:02,0,41063,0,YES
2006-07-27 20:10:02,0,41078,0,YES
2006-07-27 22:10:02,0,41068,0,YES
2006-07-28 00:10:01,0,41066,0,YES
2006-07-28 02:10:01,0,41066,0,YES
2006-07-28 04:10:01,0,42235,0,YES
2006-07-28 06:10:01,0,41081,0,YES
2006-07-28 08:10:02,0,41066,0,YES
2006-07-28 10:10:01,867,2935,0.295400340715503,NO
2006-07-28 12:10:01,849,8074,0.105152340847164,NO
2006-07-28 14:10:01,856,7544,0.113467656415695,NO
2006-07-28 16:10:02,850,2255,0.376940133037694,NO
2006-07-28 18:10:01,853,3437,0.248181553680535,NO
2006-07-28 20:10:01,860,2162,0.397779833487512,NO
2006-07-28 22:10:01,860,3341,0.257407961688117,NO
2006-07-29 00:10:02,860,2619,0.328369606720122,NO
2006-07-29 02:10:02,867,2337,0.370988446726573,NO
2006-07-29 04:10:02,859,6837,0.125639900541173,NO
2006-07-29 06:10:01,857,2383,0.359630717582879,NO
2006-07-29 08:10:02,856,2910,0.294158075601375,NO
2006-07-29 10:10:02,856,2880,0.297222222222222,NO
2006-07-29 12:10:02,856,2735,0.312979890310786,NO
2006-07-29 14:10:01,867,2308,0.375649913344887,NO
2006-07-29 16:10:01,867,3608,0.24029933481153,NO
2006-07-29 18:10:02,857,2433,0.352240032881217,NO
2006-07-29 20:10:01,851,2759,0.30844508880029,NO
2006-07-29 22:10:02,856,2770,0.309025270758123,NO
2006-07-30 00:10:01,856,5487,0.156005102970658,NO
2006-07-30 02:10:01,851,2781,0.306005034160374,NO
2006-07-30 04:10:02,856,3603,0.237579794615598,NO
2006-07-30 06:10:01,852,2281,0.373520385795704,NO
2006-07-30 08:10:01,867,2769,0.313109425785482,NO
2006-07-30 10:10:01,864,2905,0.297418244406196,NO
2006-07-30 12:10:01,867,2610,0.332183908045977,NO
2006-07-30 14:10:01,856,2627,0.325846973734298,NO
2006-07-30 16:10:01,849,2808,0.302350427350427,NO
2006-07-30 18:10:01,849,2195,0.386788154897494,NO
2006-07-30 20:10:01,862,2675,0.322242990654206,NO
2006-07-30 22:10:01,862,2732,0.315519765739385,NO
2006-07-31 00:10:01,867,2407,0.360199418363108,NO
2006-07-31 02:10:01,856,2742,0.312180889861415,NO
2006-07-31 04:10:02,856,4012,0.213359920239282,NO
2006-07-31 06:10:02,850,2246,0.378450578806768,NO
2006-07-31 08:10:01,856,7646,0.111953962856396,NO
2006-07-31 10:10:01,856,3961,0.216107043675839,NO
2006-07-31 12:10:01,856,2868,0.298465829846583,NO
2006-07-31 14:10:01,849,2147,0.395435491383326,NO
2006-07-31 16:10:01,856,2759,0.310257339615803,NO
2006-07-31 18:10:02,850,2817,0.301739439119631,NO
2006-07-31 20:10:02,856,4662,0.183612183612184,NO
2006-07-31 22:10:02,856,5658,0.151290208554259,NO
2006-08-01 00:10:02,860,2179,0.394676457090408,NO
2006-08-01 02:10:01,848,2557,0.331638639030113,NO
2006-08-01 04:10:02,867,8600,0.100813953488372,NO
2006-08-01 06:10:01,857,2327,0.368285345938977,NO
2006-08-01 08:10:01,850,3025,0.28099173553719,NO
2006-08-01 10:10:01,855,3066,0.278864970645793,NO
2006-08-01 12:10:01,850,2327,0.365277180919639,NO
2006-08-01 14:10:01,851,2977,0.285858246556937,NO
2006-08-01 16:10:01,855,7776,0.109953703703704,NO
2006-08-01 18:10:01,852,5294,0.160936909709105,NO
2006-08-01 20:10:01,851,8182,0.104008799804449,NO
2006-08-01 22:10:01,862,2542,0.339103068450039,NO
2006-08-02 00:10:02,867,2937,0.295199182839632,NO
2006-08-02 02:10:01,851,2627,0.323943661971831,NO
2006-08-02 04:10:01,850,4052,0.209772951628825,NO
2006-08-02 06:10:02,851,2649,0.321253303133258,NO
2006-08-02 08:10:01,850,2487,0.341777241656614,NO
2006-08-02 10:10:01,855,8009,0.106754900736671,NO
2006-08-02 12:10:01,852,2742,0.310722100656455,NO
2006-08-02 14:10:01,855,2887,0.296155178385868,NO
2006-08-02 16:10:01,850,5559,0.152905198776758,NO
2006-08-02 18:10:01,850,2803,0.303246521584017,NO
2006-08-02 20:10:01,867,7954,0.109001760120694,NO
2006-08-02 22:10:01,853,7792,0.109471252566735,NO
2006-08-03 00:10:01,853,2730,0.312454212454212,NO
2006-08-03 02:10:01,851,2240,0.379910714285714,NO
2006-08-03 04:10:02,855,4003,0.213589807644267,NO
2006-08-03 06:10:01,856,2283,0.374945247481384,NO
2006-08-03 08:10:01,853,2946,0.289545145960625,NO
2006-08-03 10:10:01,852,2867,0.297174747122428,NO
2006-08-03 12:10:01,852,2162,0.394079555966698,NO
2006-08-03 14:10:02,849,4662,0.182110682110682,NO
2006-08-03 16:10:01,849,2285,0.371553610503282,NO
2006-08-03 18:10:01,853,2905,0.293631669535284,NO
2006-08-03 20:10:01,856,3634,0.235553109521189,NO
2006-08-03 22:10:01,861,3474,0.247841105354059,NO
2006-08-04 00:10:01,855,2797,0.305684662138005,NO
2006-08-04 02:10:01,855,2333,0.36648092584655,NO
2006-08-04 04:10:02,848,3935,0.215501905972046,NO
2006-08-04 06:10:02,860,2445,0.351738241308793,NO
2006-08-04 08:10:01,450,2321,0.19388194743645,NO
2006-08-04 10:10:02,450,2263,0.198851082633672,NO
2006-08-04 12:10:01,450,1769,0.254381006218202,NO
2006-08-04 14:10:02,450,2265,0.198675496688742,NO
2006-08-04 16:10:01,450,1755,0.256410256410256,NO
2006-08-04 18:10:01,450,2249,0.200088928412628,NO
2006-08-04 20:10:01,450,2349,0.191570881226054,NO
2006-08-04 22:10:02,450,2199,0.204638472032742,NO
2006-08-05 00:10:01,450,2336,0.19263698630137,NO
2006-08-05 02:10:01,450,2107,0.213573801613669,NO
2006-08-05 04:10:02,450,2779,0.161928751349406,NO
2006-08-05 06:10:01,450,1781,0.252667040988209,NO
2006-08-05 08:10:01,450,2155,0.208816705336427,NO
2006-08-05 10:10:01,450,2180,0.206422018348624,NO
2006-08-05 12:10:01,450,2209,0.203712086917157,NO
2006-08-05 14:10:02,450,2170,0.207373271889401,NO
2006-08-05 16:10:02,450,2210,0.203619909502262,NO
2006-08-05 18:10:01,450,1763,0.255246738513897,NO
2006-08-05 20:10:01,450,2377,0.189314261674379,NO
2006-08-05 22:10:01,450,2207,0.203896692342546,NO
2006-08-06 00:10:01,450,1761,0.255536626916525,NO
2006-08-06 02:10:01,450,2174,0.206991720331187,NO
2006-08-06 04:10:02,450,3295,0.136570561456753,NO
2006-08-06 06:10:02,450,1821,0.247116968698517,NO
2006-08-06 08:10:02,450,2164,0.207948243992606,NO
2006-08-06 10:10:02,450,1782,0.252525252525253,NO
2006-08-06 12:10:01,450,2156,0.208719851576994,NO
2006-08-06 14:10:01,450,2106,0.213675213675214,NO
2006-08-06 16:10:01,450,1747,0.257584430452204,NO
2006-08-06 18:10:01,450,2332,0.192967409948542,NO
2006-08-06 20:10:02,450,1796,0.250556792873051,NO
2006-08-06 22:10:01,450,2108,0.213472485768501,NO
2006-08-07 00:10:02,450,2129,0.211366838891498,NO
2006-08-07 02:10:02,450,1762,0.25539160045403,NO
2006-08-07 04:10:01,450,3652,0.123220153340635,NO
2006-08-07 06:10:01,450,1818,0.247524752475248,NO
2006-08-07 08:10:01,450,2186,0.205855443732845,NO
2006-08-07 10:10:01,450,2150,0.209302325581395,NO
2006-08-07 12:10:02,450,1769,0.254381006218202,NO
2006-08-07 14:10:02,450,4336,0.103782287822878,NO
2006-08-07 16:10:01,450,1774,0.253664036076663,NO
2006-08-07 18:10:02,450,2444,0.184124386252046,NO
2006-08-07 20:10:01,450,1827,0.246305418719212,NO
2006-08-07 22:10:01,450,2374,0.18955349620893,NO
2006-08-08 00:10:01,450,1762,0.25539160045403,NO
2006-08-08 02:10:01,450,2203,0.204266908760781,NO
2006-08-08 04:10:02,450,3262,0.137952176578786,NO
2006-08-08 06:10:01,450,1845,0.24390243902439,NO
2006-08-08 08:10:01,450,5545,0.0811541929666366,NO
2006-08-08 10:10:01,450,1969,0.228542407313357,NO
2006-08-08 12:10:01,450,2256,0.199468085106383,NO
2006-08-08 14:10:01,450,2205,0.204081632653061,NO
2006-08-08 16:10:01,450,2243,0.200624164065983,NO
2006-08-08 18:10:02,450,2338,0.192472198460222,NO
2006-08-08 20:10:01,450,2204,0.204174228675136,NO
2006-08-08 22:10:01,450,2381,0.188996220075598,NO
2006-08-09 00:10:02,450,1767,0.254668930390492,NO
2006-08-09 02:10:02,450,2155,0.208816705336427,NO
2006-08-09 04:10:02,450,3492,0.128865979381443,NO
2006-08-09 06:10:01,450,1835,0.245231607629428,NO
2006-08-09 08:10:02,450,2184,0.206043956043956,NO
2006-08-09 10:10:02,450,1754,0.256556442417332,NO
2006-08-09 12:10:02,450,2259,0.199203187250996,NO
2006-08-09 14:10:02,450,2150,0.209302325581395,NO
2006-08-09 16:10:01,450,1809,0.248756218905473,NO
2006-08-09 18:10:02,450,2211,0.203527815468114,NO
2006-08-09 20:10:01,450,1766,0.254813137032843,NO
2006-08-09 22:10:03,450,5057,0.0889855645639707,NO
2006-08-10 00:10:02,450,5789,0.0777336327517706,NO
2006-08-10 02:10:02,450,6296,0.0714739517153748,NO
2006-08-10 04:10:01,450,4169,0.107939553849844,NO
2006-08-10 06:10:02,450,4209,0.106913756236636,NO
2006-08-10 08:10:02,450,6171,0.0729217306757414,NO
2006-08-10 10:10:01,450,1790,0.251396648044693,NO
2006-08-10 12:10:01,450,2287,0.196764320069961,NO
2006-08-10 14:10:01,450,1754,0.256556442417332,NO
2006-08-10 16:10:02,450,2127,0.211565585331453,NO
2006-08-10 18:10:01,450,1846,0.243770314192849,NO
2006-08-10 20:10:01,450,2227,0.202065559048047,NO
2006-08-10 22:10:01,450,4377,0.102810143934202,NO
2006-08-11 00:10:01,450,1759,0.255827174530984,NO
2006-08-11 02:10:01,450,2130,0.211267605633803,NO
2006-08-11 04:10:02,450,4324,0.104070305272895,NO
2006-08-11 06:10:02,450,1809,0.248756218905473,NO
2006-08-11 08:10:01,450,2148,0.209497206703911,NO
2006-08-11 10:10:02,450,2230,0.201793721973094,NO
2006-08-11 12:10:01,450,1847,0.243638332430969,NO
2006-08-11 14:10:01,450,2325,0.193548387096774,NO
2006-08-11 16:10:01,450,2222,0.202520252025203,NO
2006-08-11 18:10:01,450,1749,0.257289879931389,NO
2006-08-11 20:10:01,450,2154,0.20891364902507,NO
2006-08-11 22:10:01,450,1740,0.258620689655172,NO
2006-08-12 00:10:02,450,2107,0.213573801613669,NO
2006-08-12 02:10:01,450,1730,0.260115606936416,NO
2006-08-12 04:10:01,450,3353,0.13420817178646,NO
2006-08-12 06:10:01,450,1736,0.259216589861751,NO
2006-08-12 08:10:01,450,2173,0.207086976530143,NO
2006-08-12 10:10:01,450,1664,0.270432692307692,NO
2006-08-12 12:10:01,450,2291,0.196420776953296,NO
2006-08-12 14:10:01,450,2123,0.211964201601507,NO
2006-08-12 16:10:01,450,2109,0.213371266002845,NO
2006-08-12 18:10:01,450,2271,0.198150594451783,NO
2006-08-12 20:10:01,450,1731,0.259965337954939,NO
2006-08-12 22:10:01,450,2187,0.205761316872428,NO
2006-08-13 00:10:01,450,2099,0.214387803716055,NO
2006-08-13 02:10:01,450,2236,0.201252236135957,NO
2006-08-13 04:10:01,450,3037,0.148172538689496,NO
2006-08-13 06:10:01,450,1747,0.257584430452204,NO
2006-08-13 08:10:01,450,2098,0.214489990467112,NO
2006-08-13 10:10:01,450,2096,0.21469465648855,NO
2006-08-13 12:10:01,450,1735,0.259365994236311,NO
2006-08-13 14:10:01,450,2286,0.196850393700787,NO
2006-08-13 16:10:01,450,1923,0.234009360374415,NO
2006-08-13 18:10:01,450,2155,0.208816705336427,NO
2006-08-13 20:10:01,450,1822,0.246981339187706,NO
2006-08-13 22:10:01,450,2140,0.210280373831776,NO
2006-08-14 00:10:01,450,1738,0.25891829689298,NO
2006-08-14 02:10:01,450,2216,0.203068592057762,NO
2006-08-14 04:10:02,450,3111,0.144648023143684,NO
2006-08-14 06:10:01,450,1769,0.254381006218202,NO
2006-08-14 08:10:01,450,2141,0.210182157870154,NO
2006-08-21 14:10:01,450,2174,0.206991720331187,NO
2006-08-21 16:10:02,450,1747,0.257584430452204,NO
2006-08-21 18:10:01,450,2348,0.191652470187394,NO
2006-08-21 20:10:01,450,2542,0.177025963808025,NO
2006-08-21 22:10:01,450,1796,0.250556792873051,NO
2006-08-22 00:10:01,450,2239,0.200982581509602,NO
2006-08-22 02:10:02,450,2181,0.206327372764787,NO
2006-08-22 04:10:01,450,13853,0.0324839384970764,NO
2006-08-22 06:10:02,450,1775,0.253521126760563,NO
2006-08-22 08:10:01,450,4643,0.0969200947663149,NO
2006-08-22 10:10:01,450,4463,0.100829038763164,NO
2006-08-22 12:10:01,450,4150,0.108433734939759,NO
2006-08-22 14:10:01,450,8278,0.0543609567528388,NO
2006-08-22 16:10:01,450,1756,0.25626423690205,NO
2006-08-22 18:10:01,450,2164,0.207948243992606,NO
2006-08-22 20:10:01,450,2301,0.195567144719687,NO
2006-08-22 22:10:01,450,2217,0.20297699594046,NO
2006-08-23 00:10:01,450,1708,0.263466042154567,NO
2006-08-23 02:10:01,450,2172,0.207182320441989,NO
2006-08-23 04:10:02,450,3884,0.115859938208033,NO
2006-08-23 06:10:01,450,1772,0.253950338600451,NO
2006-08-23 08:10:01,450,3100,0.145161290322581,NO
2006-08-23 10:10:02,450,1891,0.237969328397673,NO
2006-08-23 12:10:01,450,2466,0.182481751824818,NO
2006-08-23 14:10:02,450,2232,0.201612903225806,NO
2006-08-23 16:10:01,450,2540,0.177165354330709,NO
2006-08-23 18:10:01,450,1801,0.249861188228762,NO
2006-08-23 20:10:05,450,12622,0.0356520361273966,NO
2006-08-23 22:10:06,450,11775,0.0382165605095541,NO
2006-08-24 00:10:06,450,11725,0.0383795309168444,NO
2006-08-24 02:10:05,450,12856,0.0350031113876789,NO
2006-08-24 04:10:05,450,17129,0.0262712359156985,NO
2006-08-24 06:10:06,450,13954,0.0322488175433567,NO
2006-08-24 08:10:06,450,14560,0.0309065934065934,NO
2006-08-24 10:10:06,450,13064,0.0344458052663809,NO
2006-08-24 12:10:06,450,11018,0.0408422581230713,NO
2006-08-24 14:10:07,450,11725,0.0383795309168444,NO
2006-08-24 16:10:06,450,15575,0.028892455858748,NO
2006-08-24 18:10:05,450,10735,0.0419189566837448,NO
2006-08-24 20:10:05,450,12183,0.0369367150948042,NO
2006-08-24 22:10:05,450,11251,0.0399964447604657,NO
2006-08-25 00:10:06,450,10061,0.0447271642977835,NO
2006-08-25 02:10:05,450,8749,0.0514344496513887,NO
2006-08-25 04:10:07,450,12222,0.0368188512518409,NO
2006-08-25 06:10:05,450,13812,0.0325803649000869,NO
2006-08-25 08:10:05,450,10554,0.0426378624218306,NO
2006-08-25 10:10:06,450,13361,0.0336801137639398,NO
2006-08-25 12:10:03,450,7002,0.06426735218509,NO
2006-08-25 14:10:05,450,14776,0.0304547915538711,NO
2006-08-25 16:10:06,450,14635,0.0307482063546293,NO
2006-08-25 18:10:06,450,12714,0.0353940537989618,NO
2006-08-25 20:10:06,450,12357,0.0364166059723234,NO
2006-08-25 22:10:05,450,9231,0.048748781280468,NO
2006-08-26 00:10:05,450,14028,0.0320786997433704,NO
2006-08-26 02:10:07,450,10935,0.0411522633744856,NO
2006-08-26 04:10:07,450,19707,0.0228345258030142,NO
2006-08-26 06:10:04,450,14203,0.0316834471590509,NO
2006-08-26 08:10:05,450,12038,0.037381624854627,NO
2006-08-26 10:10:05,450,18689,0.0240783348493766,NO
2006-08-26 12:10:06,450,10427,0.0431571880694351,NO
2006-08-26 14:10:07,450,10802,0.0416589520459174,NO
2006-08-26 16:10:06,450,10902,0.0412768299394606,NO
2006-08-26 18:10:06,450,12473,0.0360779283251824,NO
2006-08-26 20:10:05,450,18651,0.0241273926331028,NO
2006-08-26 22:10:05,450,13804,0.0325992465951898,NO
2006-08-27 00:10:08,450,10814,0.0416127242463473,NO
2006-08-27 02:10:06,450,12112,0.0371532364597094,NO
2006-08-27 04:10:07,450,19009,0.0236729970014204,NO
2006-08-27 06:10:06,450,13439,0.0334846342733834,NO
2006-08-27 08:10:06,450,12382,0.0363430786625747,NO
2006-08-27 10:10:09,450,8976,0.0501336898395722,NO
2006-08-27 12:10:06,450,14418,0.031210986267166,NO
2006-08-27 14:10:08,450,11400,0.0394736842105263,NO
2006-08-27 16:10:05,450,10769,0.0417866097130653,NO
2006-08-27 18:10:04,450,14685,0.0306435137895812,NO
2006-08-27 20:10:05,450,12041,0.0373723112698281,NO
2006-08-27 22:10:08,450,9963,0.04516711833785,NO
2006-08-28 00:10:07,450,9679,0.0464924062403141,NO
2006-08-28 02:10:06,450,10669,0.0421782735026713,NO
2006-08-28 04:10:06,450,12333,0.0364874726343955,NO
2006-08-28 06:10:05,450,10918,0.041216339989009,NO
2006-08-28 08:10:06,450,13212,0.0340599455040872,NO
2006-08-28 10:10:06,450,16650,0.027027027027027,NO
2006-08-28 12:10:06,450,16697,0.0269509492723244,NO
2006-08-28 14:10:02,450,2643,0.170261066969353,NO
2006-08-28 16:10:01,450,1836,0.245098039215686,NO
2006-08-28 18:10:01,450,2181,0.206327372764787,NO
2006-08-28 20:10:01,450,3065,0.146818923327896,NO
2006-08-28 22:10:02,450,1930,0.233160621761658,NO
2006-08-29 00:10:01,450,2273,0.197976242850858,NO
2006-08-29 02:10:01,450,1779,0.252951096121417,NO
2006-08-29 04:10:01,450,4408,0.102087114337568,NO
2006-08-29 06:10:02,450,1782,0.252525252525253,NO
2006-08-29 08:10:02,450,2303,0.195397307859314,NO
2006-08-29 10:10:02,450,2200,0.204545454545455,NO
2006-08-29 12:10:01,450,2890,0.155709342560554,NO
2006-08-29 14:10:02,450,1834,0.2453653217012,NO
2006-08-29 16:10:02,450,5851,0.0769099299265083,NO
2006-08-29 18:10:01,450,1856,0.242456896551724,NO
2006-08-29 20:10:01,450,2185,0.205949656750572,NO
2006-08-29 22:10:02,450,2164,0.207948243992606,NO
2006-08-30 00:10:02,450,2147,0.209594783418724,NO
2006-08-30 02:10:01,450,1824,0.246710526315789,NO
2006-08-30 04:10:02,450,4416,0.101902173913043,NO
2006-08-30 06:10:01,450,1809,0.248756218905473,NO
2006-08-30 08:10:01,450,2383,0.188837599664289,NO
2006-08-30 10:10:01,450,2346,0.191815856777494,NO
2006-08-30 12:10:01,450,2375,0.189473684210526,NO
2006-08-30 14:10:02,450,2036,0.221021611001965,NO
2006-08-30 16:10:01,450,4434,0.10148849797023,NO
2006-08-30 18:10:01,450,1941,0.231839258114374,NO
2006-08-30 20:10:01,450,2276,0.197715289982425,NO
2006-08-30 22:10:02,450,1798,0.25027808676307,NO
2006-08-31 00:10:02,450,2211,0.203527815468114,NO
2006-08-31 02:10:01,450,2329,0.193215972520395,NO
2006-08-31 04:10:02,450,4217,0.106710931942139,NO
2006-08-31 06:10:02,450,1804,0.249445676274945,NO
2006-08-31 08:10:01,450,2204,0.204174228675136,NO
2006-08-31 10:10:01,450,2116,0.212665406427221,NO
2006-08-31 12:10:01,450,2174,0.206991720331187,NO
2006-08-31 14:10:01,450,1795,0.250696378830084,NO
2006-08-31 16:10:01,450,2213,0.203343877089923,NO
2006-08-31 18:10:01,450,2286,0.196850393700787,NO
2006-08-31 20:10:01,450,1788,0.251677852348993,NO
2006-08-31 22:10:01,450,2187,0.205761316872428,NO
2006-09-01 00:10:01,450,2310,0.194805194805195,NO
2006-09-01 02:10:02,450,2092,0.215105162523901,NO
2006-09-01 04:10:01,450,4067,0.110646668305877,NO
2006-09-01 06:10:01,450,1778,0.253093363329584,NO
2006-09-01 08:10:01,450,4507,0.0998446860439317,NO
2006-09-01 10:10:02,450,7948,0.0566180171112229,NO
2006-09-01 12:10:01,450,7301,0.0616353924119984,NO
2006-09-01 14:10:01,450,5116,0.0879593432369038,NO
2006-09-01 16:10:01,450,2347,0.191734128674904,NO
2006-09-01 18:10:01,450,1783,0.252383623107123,NO
2006-09-01 20:10:01,450,2175,0.206896551724138,NO
2006-09-01 22:10:01,450,1778,0.253093363329584,NO
2006-09-02 00:10:02,450,2240,0.200892857142857,NO
2006-09-02 02:10:01,450,1951,0.230650948231676,NO
2006-09-02 04:10:02,450,3818,0.117862755369303,NO
2006-09-02 06:10:01,450,1811,0.248481501932634,NO
2006-09-02 08:10:01,450,2183,0.206138341731562,NO
2006-09-02 10:10:01,450,1809,0.248756218905473,NO
2006-09-02 12:10:01,450,2317,0.194216659473457,NO
2006-09-02 14:10:01,450,1788,0.251677852348993,NO
2006-09-02 16:10:01,450,2164,0.207948243992606,NO
2006-09-02 18:10:01,450,2198,0.204731574158326,NO
2006-09-02 20:10:02,450,1778,0.253093363329584,NO
2006-09-02 22:10:01,0,41078,0,YES
2006-09-03 00:10:01,0,41065,0,YES
2006-09-03 02:10:01,450,2150,0.209302325581395,NO
2006-09-03 04:10:02,450,4192,0.107347328244275,NO
2006-09-03 06:10:01,450,1794,0.250836120401338,NO
2006-09-03 08:10:01,450,2228,0.20197486535009,NO
2006-09-03 10:10:02,450,2241,0.200803212851406,NO
2006-09-03 12:10:02,450,1778,0.253093363329584,NO
2006-09-03 14:10:01,450,2158,0.20852641334569,NO
2006-09-03 16:10:01,450,4365,0.103092783505155,NO
2006-09-03 18:10:01,450,1825,0.246575342465753,NO
2006-09-03 20:10:01,450,4197,0.107219442458899,NO
2006-09-03 22:10:02,450,1935,0.232558139534884,NO
2006-09-04 00:10:01,450,1982,0.227043390514632,NO
2006-09-04 02:10:01,450,2155,0.208816705336427,NO
2006-09-04 04:10:02,450,4366,0.103069170865781,NO
2006-09-04 06:10:01,450,1781,0.252667040988209,NO
2006-09-04 08:10:02,450,2343,0.192061459667093,NO
2006-09-04 10:10:01,450,3498,0.128644939965695,NO
2006-09-04 12:10:02,450,3791,0.118702189395938,NO
2006-09-04 14:10:01,450,1793,0.250976017847183,NO
2006-09-04 16:10:02,450,5901,0.0762582613116421,NO
2006-09-04 18:10:01,450,2093,0.215002388915432,NO
2006-09-04 20:10:01,450,4105,0.109622411693057,NO
2006-09-04 22:10:01,450,1768,0.254524886877828,NO
2006-09-05 00:10:02,450,4316,0.104263206672845,NO
2006-09-05 02:10:01,450,1770,0.254237288135593,NO
2006-09-05 04:10:02,450,4492,0.100178094390027,NO
2006-09-05 06:10:01,450,1785,0.252100840336134,NO
2006-09-05 08:10:01,450,5457,0.0824628916987356,NO
2006-09-05 10:10:01,450,8044,0.055942317255097,NO
2006-09-05 12:10:01,450,4094,0.109916951636541,NO
2006-09-05 14:10:01,450,2254,0.199645075421473,NO
2006-09-05 16:10:01,450,3204,0.140449438202247,NO
2006-09-05 18:10:01,450,1822,0.246981339187706,NO
2006-09-05 20:10:01,450,2634,0.170842824601367,NO
2006-09-05 22:10:01,450,1960,0.229591836734694,NO
2006-09-06 00:10:01,450,2200,0.204545454545455,NO
2006-09-06 02:10:01,450,2214,0.203252032520325,NO
2006-09-06 04:10:01,450,4582,0.0982103884766478,NO
2006-09-06 06:10:01,450,1792,0.251116071428571,NO
2006-09-06 08:10:01,450,7325,0.0614334470989761,NO
2006-09-06 10:10:01,450,3684,0.12214983713355,NO
2006-09-06 12:10:01,450,2152,0.20910780669145,NO
2006-09-06 14:10:02,450,2555,0.176125244618395,NO
2006-09-06 16:10:01,450,2835,0.158730158730159,NO
2006-09-06 18:10:01,450,2273,0.197976242850858,NO
2006-09-06 20:10:01,450,1776,0.253378378378378,NO
2006-09-06 22:10:01,450,2512,0.179140127388535,NO
2006-09-07 00:10:01,450,1788,0.251677852348993,NO
2006-09-07 02:10:01,450,2203,0.204266908760781,NO
2006-09-07 08:10:01,450,2279,0.197455024133392,NO
2006-09-07 10:10:01,450,9341,0.0481747136280912,NO
2006-09-07 12:10:01,450,2070,0.217391304347826,NO
2006-09-07 14:10:01,450,5763,0.0780843310775638,NO
2006-09-07 16:10:01,450,3408,0.132042253521127,NO
2006-09-07 18:10:01,450,1798,0.25027808676307,NO
2006-09-07 20:10:01,450,2472,0.182038834951456,NO
2006-09-07 22:10:01,450,6055,0.074318744838976,NO
2006-09-08 00:10:01,450,1789,0.251537171604248,NO
2006-09-08 02:10:01,450,2497,0.180216259511414,NO
2006-09-08 04:10:01,450,4325,0.104046242774566,NO
2006-09-08 06:10:01,450,1875,0.24,NO
2006-09-08 08:10:01,450,2136,0.210674157303371,NO
2006-09-08 10:10:01,450,1851,0.243111831442464,NO
2006-09-08 12:10:02,450,5865,0.0767263427109974,NO
2006-09-08 14:10:02,450,7282,0.0617962098324636,NO
2006-09-08 16:10:02,450,2530,0.177865612648221,NO
2006-09-08 18:10:02,450,9119,0.0493475161750192,NO
2006-09-08 20:10:01,450,1873,0.240256273358249,NO
2006-09-08 22:10:01,450,2469,0.182260024301337,NO
2006-09-09 00:10:02,450,1949,0.230887634684454,NO
2006-09-09 02:10:02,450,2123,0.211964201601507,NO
2006-09-09 04:10:01,450,4026,0.11177347242921,NO
2006-09-09 06:10:02,450,1770,0.254237288135593,NO
2006-09-09 08:10:01,450,2854,0.157673440784863,NO
2006-09-09 10:10:01,450,1914,0.235109717868339,NO
2006-09-09 12:10:01,450,1997,0.225338007010516,NO
2006-09-09 14:10:01,450,2248,0.20017793594306,NO
2006-09-09 16:10:01,450,1764,0.255102040816327,NO
2006-09-09 18:10:01,450,5491,0.0819522855581861,NO
2006-09-09 20:10:01,450,2203,0.204266908760781,NO
2006-09-09 22:10:01,450,1825,0.246575342465753,NO
2006-09-10 00:10:01,450,2373,0.189633375474083,NO
2006-09-10 02:10:01,450,1775,0.253521126760563,NO
2006-09-10 04:10:02,450,3959,0.113665066936095,NO
2006-09-10 06:10:01,450,1782,0.252525252525253,NO
2006-09-10 08:10:01,450,2204,0.204174228675136,NO
2006-09-10 10:10:01,450,2487,0.180940892641737,NO
2006-09-10 12:10:01,450,1924,0.233887733887734,NO
2006-09-10 14:10:01,450,1971,0.228310502283105,NO
2006-09-10 16:10:01,450,2156,0.208719851576994,NO
2006-09-10 18:10:02,450,1766,0.254813137032843,NO
2006-09-10 20:10:01,450,2118,0.212464589235127,NO
2006-09-10 22:10:01,450,1779,0.252951096121417,NO
2006-09-11 00:10:01,450,2386,0.188600167644593,NO
2006-09-11 02:10:02,450,2245,0.200445434298441,NO
2006-09-11 04:10:01,450,3743,0.120224418915309,NO
2006-09-11 06:10:02,450,1783,0.252383623107123,NO
2006-09-11 08:10:01,450,2470,0.182186234817814,NO
2006-09-11 10:10:01,450,1987,0.226472068444892,NO
2006-09-11 12:10:01,450,2858,0.157452764170749,NO
2006-09-11 14:10:01,450,1802,0.249722530521643,NO
2006-09-11 16:10:01,450,2215,0.203160270880361,NO
2006-09-11 18:10:02,450,7634,0.0589468168718889,NO
2006-09-11 20:10:01,450,1800,0.25,NO
2006-09-11 22:10:01,450,2208,0.203804347826087,NO
2006-09-12 00:10:02,450,2143,0.209986000933271,NO
2006-09-12 02:10:01,450,2202,0.204359673024523,NO
2006-09-12 04:10:01,450,3165,0.14218009478673,NO
2006-09-12 06:10:01,450,5034,0.0893921334922527,NO
2006-09-12 08:10:02,450,2163,0.208044382801664,NO
2006-09-12 10:10:02,450,6946,0.0647854880506766,NO
2006-09-12 12:10:01,450,5822,0.0772930264513913,NO
2006-09-12 14:10:02,450,3275,0.137404580152672,NO
2006-09-12 16:10:02,450,2063,0.218128938439166,NO
2006-09-12 18:10:01,450,3442,0.130737943056363,NO
2006-09-12 20:10:02,450,7484,0.0601282736504543,NO
2006-09-12 22:10:01,450,1910,0.235602094240838,NO
2006-09-13 00:10:01,450,2266,0.198587819947043,NO
2006-09-13 02:10:01,450,1776,0.253378378378378,NO
2006-09-13 04:10:01,450,4350,0.103448275862069,NO
2006-09-13 06:10:01,450,1780,0.252808988764045,NO
2006-09-13 08:10:01,450,2380,0.189075630252101,NO
2006-09-13 10:10:01,450,2231,0.201703272075303,NO
2006-09-13 12:10:02,450,2025,0.222222222222222,NO
2006-09-13 14:10:01,450,5882,0.0765045902754165,NO
2006-09-13 16:10:01,450,7009,0.0642031673562562,NO
2006-09-13 18:10:01,450,1738,0.25891829689298,NO
2006-09-13 20:10:01,450,2133,0.210970464135021,NO
2006-09-13 22:10:01,450,4735,0.0950369588173178,NO
2006-09-14 00:10:02,450,1674,0.268817204301075,NO
2006-09-14 02:10:01,450,2228,0.20197486535009,NO
2006-09-14 04:10:01,450,9273,0.048527984471045,NO
2006-09-14 06:10:02,450,1758,0.255972696245734,NO
2006-09-14 08:10:01,450,2466,0.182481751824818,NO
2006-09-14 10:10:01,450,2366,0.190194420963652,NO
2006-09-14 12:10:01,450,3116,0.144415917843389,NO
2006-09-14 14:10:01,450,2049,0.219619326500732,NO
2006-09-14 16:10:01,450,6632,0.0678528347406514,NO
2006-09-14 18:10:02,450,1701,0.264550264550265,NO
2006-09-14 20:10:02,450,7556,0.0595553202752779,NO
2006-09-14 22:10:01,450,1687,0.26674570243035,NO
2006-09-15 00:10:01,450,2195,0.20501138952164,NO
2006-09-15 02:10:01,450,1711,0.263004091174752,NO
2006-09-15 04:10:01,450,4259,0.10565860530641,NO
2006-09-15 06:10:02,450,1760,0.255681818181818,NO
2006-09-15 08:10:01,0,41065,0,YES
2006-09-15 10:10:02,450,4279,0.105164758121056,NO
2006-09-15 12:10:02,450,3491,0.128902893153824,NO
2006-09-15 14:10:01,450,2224,0.202338129496403,NO
2006-09-15 16:10:01,450,1763,0.255246738513897,NO
2006-09-15 18:10:01,450,4482,0.100401606425703,NO
2006-09-15 20:10:01,450,1811,0.248481501932634,NO
2006-09-15 22:10:01,450,5293,0.085017948233516,NO
2006-09-16 00:10:01,450,1683,0.267379679144385,NO
2006-09-16 02:10:01,450,2325,0.193548387096774,NO
2006-09-16 04:10:01,450,3751,0.119968008531058,NO
2006-09-16 06:10:02,450,1713,0.262697022767075,NO
2006-09-16 08:10:01,450,2769,0.162513542795233,NO
2006-09-16 10:10:01,450,2128,0.211466165413534,NO
2006-09-16 12:10:01,450,1749,0.257289879931389,NO
2006-09-16 14:10:01,450,2155,0.208816705336427,NO
2006-09-16 16:10:02,450,2093,0.215002388915432,NO
2006-09-16 18:10:01,450,1755,0.256410256410256,NO
2006-09-16 20:10:01,450,2358,0.190839694656489,NO
2006-09-16 22:10:01,450,1694,0.265643447461629,NO
2006-09-17 00:10:01,450,2164,0.207948243992606,NO
2006-09-17 02:10:01,450,2119,0.212364322793771,NO
2006-09-17 04:10:01,450,6038,0.0745279894004637,NO
2006-09-17 06:10:02,450,1689,0.266429840142096,NO
2006-09-17 08:10:02,450,2201,0.2044525215811,NO
2006-09-17 10:10:01,450,8919,0.0504540867810293,NO
2006-09-18 18:10:01,450,3150,0.142857142857143,NO
2006-09-18 20:10:01,450,4552,0.0988576449912126,NO
2006-09-18 22:10:01,450,2152,0.20910780669145,NO
2006-09-19 00:10:01,450,1751,0.256996002284409,NO
2006-09-19 02:10:01,450,2313,0.194552529182879,NO
2006-09-19 04:10:02,450,4001,0.112471882029493,NO
2006-09-19 06:10:01,450,1758,0.255972696245734,NO
2006-09-19 08:10:01,450,2432,0.185032894736842,NO
2006-09-19 10:10:02,450,4432,0.101534296028881,NO
2006-09-19 12:10:01,450,8461,0.0531852026947169,NO
2006-09-19 14:10:01,450,2138,0.210477081384471,NO
2006-09-19 16:10:01,450,10859,0.0414402799521135,NO
2006-09-19 18:10:01,450,1710,0.263157894736842,NO
2006-09-19 20:10:01,450,6319,0.0712137996518436,NO
2006-09-19 22:10:01,450,1835,0.245231607629428,NO
2006-09-20 00:10:01,450,2242,0.2007136485281,NO
2006-09-20 02:10:01,450,2136,0.210674157303371,NO
2006-09-20 04:10:01,450,5747,0.078301722637898,NO
2006-09-20 06:10:01,450,5003,0.0899460323805717,NO
2006-09-20 08:10:02,450,6978,0.0644883920894239,NO
2006-09-20 10:10:01,450,2696,0.166913946587537,NO
2006-09-20 12:10:01,450,7709,0.058373329874173,NO
2006-09-20 14:10:01,450,2686,0.167535368577811,NO
2006-09-20 16:10:01,450,7171,0.0627527541486543,NO
2006-09-20 18:10:01,450,1784,0.252242152466368,NO
2006-09-20 20:10:01,450,9606,0.0468457214241099,NO
2006-09-20 22:10:01,450,1783,0.252383623107123,NO
2006-09-21 00:10:01,450,2366,0.190194420963652,NO
2006-09-21 02:10:01,450,2249,0.200088928412628,NO
2006-09-21 04:10:01,450,3015,0.149253731343284,NO
2006-09-21 06:10:02,450,1775,0.253521126760563,NO
2006-09-21 08:10:02,450,2387,0.188521156263092,NO
2006-09-21 10:10:01,450,2282,0.197195442594216,NO
2006-09-21 12:10:01,450,7729,0.0582222797257084,NO
2006-09-21 14:10:01,450,11698,0.0384681142075568,NO
2006-09-21 16:10:01,450,4980,0.0903614457831325,NO
2006-09-21 18:10:02,450,2992,0.150401069518717,NO
2006-09-21 20:10:01,450,1772,0.253950338600451,NO
2006-09-21 22:10:02,450,4314,0.104311543810848,NO
2006-09-22 00:10:01,450,1790,0.251396648044693,NO
2006-09-22 02:10:01,450,2198,0.204731574158326,NO
2006-09-22 04:10:02,450,6362,0.0707324740647595,NO
2006-09-22 06:10:01,450,1799,0.250138966092273,NO
2006-09-22 08:10:02,450,2280,0.197368421052632,NO
2006-09-22 10:10:01,450,17900,0.0251396648044693,NO
2006-09-22 12:10:01,450,10797,0.0416782439566546,NO
2006-09-22 14:10:01,450,1877,0.239744272775706,NO
2006-09-22 16:10:01,450,2332,0.192967409948542,NO
2006-09-22 18:10:01,450,2187,0.205761316872428,NO
2006-09-22 20:10:01,450,1802,0.249722530521643,NO
2006-09-22 22:10:02,450,2367,0.190114068441065,NO
2006-09-23 00:10:01,450,1820,0.247252747252747,NO
2006-09-23 02:10:01,450,2376,0.189393939393939,NO
2006-09-23 04:10:01,450,3791,0.118702189395938,NO
2006-09-23 06:10:01,450,1786,0.251959686450168,NO
2006-09-23 08:10:02,450,2298,0.195822454308094,NO
2006-09-23 10:10:01,450,1801,0.249861188228762,NO
2006-09-23 12:10:01,450,2338,0.192472198460222,NO
2006-09-23 14:10:01,450,2241,0.200803212851406,NO
2006-09-23 16:10:01,450,1790,0.251396648044693,NO
2006-09-23 18:10:01,450,4191,0.107372942018611,NO
2006-09-23 20:10:01,450,1760,0.255681818181818,NO
2006-09-23 22:10:02,450,2252,0.199822380106572,NO
2006-09-24 00:10:01,450,1963,0.229240957717779,NO
2006-09-24 02:10:01,450,2001,0.224887556221889,NO
2006-09-24 04:10:01,450,3792,0.118670886075949,NO
2006-09-24 06:10:02,450,1864,0.241416309012876,NO
2006-09-24 08:10:02,450,2259,0.199203187250996,NO
2006-09-24 10:10:01,450,1784,0.252242152466368,NO
2006-09-24 12:10:01,450,2237,0.201162270898525,NO
2006-09-24 14:10:01,450,2352,0.191326530612245,NO
2006-09-24 16:10:01,450,2254,0.199645075421473,NO
2006-09-24 18:10:01,450,1958,0.229826353421859,NO
2006-09-24 20:10:02,450,2372,0.189713322091062,NO
2006-09-24 22:10:01,450,1790,0.251396648044693,NO
2006-09-25 00:10:02,450,2214,0.203252032520325,NO
2006-09-25 02:10:01,450,1783,0.252383623107123,NO
2006-09-25 04:10:02,450,4134,0.108853410740203,NO
2006-09-25 06:10:02,450,1842,0.244299674267101,NO
2006-09-25 08:10:01,450,2291,0.196420776953296,NO
2006-09-25 10:10:02,450,2434,0.184880854560394,NO
2006-09-25 12:10:02,450,2020,0.222772277227723,NO
2006-09-25 14:10:01,450,2523,0.178359096313912,NO
2006-09-25 16:10:01,450,12185,0.0369306524415265,NO
2006-09-25 18:10:01,450,5013,0.0897666068222621,NO
2006-09-25 20:10:01,450,2368,0.190033783783784,NO
2006-09-25 22:10:01,450,1800,0.25,NO
2006-09-26 00:10:01,450,2303,0.195397307859314,NO
2006-09-26 02:10:01,450,1791,0.251256281407035,NO
2006-09-26 04:10:01,450,4666,0.0964423489069867,NO
2006-09-26 06:10:02,450,1845,0.24390243902439,NO
2006-09-26 08:10:01,450,8644,0.0520592318371124,NO
2006-09-26 10:10:02,450,2175,0.206896551724138,NO
2006-09-26 12:10:01,450,2498,0.180144115292234,NO
2006-09-26 14:10:02,450,2553,0.176263219741481,NO
2006-09-26 16:10:02,450,15871,0.0283536009073152,NO
2006-09-26 18:10:01,450,10310,0.04364694471387,NO
2006-09-26 20:10:01,450,4298,0.104699860400186,NO
2006-09-26 22:10:01,450,1949,0.230887634684454,NO
2006-09-27 00:10:02,450,4365,0.103092783505155,NO
2006-09-27 02:10:02,450,1845,0.24390243902439,NO
2006-09-27 04:10:01,450,4242,0.106082036775106,NO
2006-09-27 06:10:01,450,1815,0.247933884297521,NO
2006-09-27 08:10:01,450,7000,0.0642857142857143,NO
2006-09-27 10:10:01,450,2968,0.151617250673854,NO
2006-09-27 12:10:01,450,2273,0.197976242850858,NO
2006-09-27 14:10:02,450,2700,0.166666666666667,NO
2006-09-27 16:10:02,450,1835,0.245231607629428,NO
2006-09-27 18:10:01,450,2425,0.185567010309278,NO
2006-09-27 20:10:01,450,2144,0.209888059701493,NO
2006-09-27 22:10:01,450,1799,0.250138966092273,NO
2006-09-28 00:10:02,450,2109,0.213371266002845,NO
2006-09-28 02:10:01,450,1965,0.229007633587786,NO
2006-09-28 04:10:02,450,6911,0.0651135870351613,NO
2006-09-28 06:10:01,450,1805,0.249307479224377,NO
2006-09-28 08:10:01,450,2323,0.193715023676281,NO
2006-09-28 10:10:01,0,603188,0,YES
2006-09-28 12:10:02,0,602641,0,YES
2006-09-28 14:10:01,0,605698,0,YES
2006-09-28 16:10:01,0,604611,0,YES
2006-09-28 18:10:01,450,2480,0.181451612903226,NO
2006-09-28 20:10:02,450,2253,0.199733688415446,NO
2006-09-28 22:10:01,450,1774,0.253664036076663,NO
2006-09-29 00:10:01,450,2302,0.195482189400521,NO
2006-09-29 02:10:02,450,1796,0.250556792873051,NO
2006-09-29 04:10:01,450,4076,0.110402355250245,NO
2006-09-29 06:10:01,450,1783,0.252383623107123,NO
2006-09-29 08:10:01,450,2345,0.191897654584222,NO
2006-09-29 10:10:02,450,2544,0.17688679245283,NO
2006-09-29 12:10:02,450,2421,0.185873605947955,NO
2006-09-29 14:10:01,450,1776,0.253378378378378,NO
2006-09-29 16:10:01,450,6536,0.0688494492044064,NO
2006-09-29 18:10:01,450,1790,0.251396648044693,NO
2006-09-29 20:10:02,450,4197,0.107219442458899,NO
2006-09-29 22:10:01,450,1887,0.238473767885533,NO
2006-09-30 00:10:01,450,8193,0.0549249359209081,NO
2006-09-30 02:10:02,450,2370,0.189873417721519,NO
2006-09-30 04:10:01,450,4458,0.100942126514132,NO
2006-09-30 06:10:01,450,1808,0.248893805309735,NO
2006-09-30 08:10:01,450,2203,0.204266908760781,NO
2006-09-30 10:10:02,450,2481,0.181378476420798,NO
2006-09-30 12:10:01,450,2707,0.166235685260436,NO
2006-09-30 14:10:01,450,1774,0.253664036076663,NO
2006-09-30 16:10:01,450,2300,0.195652173913043,NO
2006-09-30 18:10:01,450,1794,0.250836120401338,NO
2006-09-30 20:10:01,450,11477,0.0392088524875839,NO
2006-09-30 22:10:01,450,2190,0.205479452054795,NO
2006-10-01 00:10:02,450,4171,0.107887796691441,NO
2006-10-01 02:10:01,450,1786,0.251959686450168,NO
2006-10-01 04:10:01,450,4075,0.110429447852761,NO
2006-10-01 06:10:01,450,1797,0.250417362270451,NO
2006-10-01 08:10:01,450,2245,0.200445434298441,NO
2006-10-01 10:10:01,450,1950,0.230769230769231,NO
2006-10-01 12:10:02,450,6303,0.0713945740123751,NO
2006-10-01 14:10:01,450,1835,0.245231607629428,NO
2006-10-01 16:10:01,450,2219,0.202794051374493,NO
2006-10-01 18:10:01,450,2152,0.20910780669145,NO
2006-10-01 20:10:01,450,1795,0.250696378830084,NO
2006-10-01 22:10:01,450,4201,0.107117353011188,NO
2006-10-02 00:10:01,450,1767,0.254668930390492,NO
2006-10-02 02:10:01,450,2316,0.194300518134715,NO
2006-10-02 04:10:01,450,3992,0.112725450901804,NO
2006-10-02 06:10:01,450,1796,0.250556792873051,NO
2006-10-02 08:10:01,450,2266,0.198587819947043,NO
2006-10-02 10:10:02,450,1821,0.247116968698517,NO
2006-10-02 12:10:02,450,3919,0.114825210512886,NO
2006-10-02 14:10:02,450,7174,0.0627265124059102,NO
2006-10-02 16:10:02,450,7328,0.0614082969432314,NO
2006-10-02 18:10:02,450,1890,0.238095238095238,NO
2006-10-02 20:10:01,450,2244,0.200534759358289,NO
2006-10-02 22:10:01,450,1778,0.253093363329584,NO
2006-10-03 00:10:01,450,2155,0.208816705336427,NO
2006-10-03 02:10:02,450,2167,0.207660359944624,NO
2006-10-03 04:10:01,450,4333,0.103854142626356,NO
2006-10-03 06:10:01,450,2017,0.22310361923649,NO
2006-10-03 08:10:01,450,2153,0.20901068276823,NO
2006-10-03 10:10:02,450,3826,0.117616309461579,NO
2006-10-03 12:10:01,450,2286,0.196850393700787,NO
2006-10-03 14:10:01,450,2659,0.169236555095901,NO
2006-10-03 16:10:01,450,2293,0.196249454862625,NO
2006-10-03 18:10:01,450,2821,0.159517901453385,NO
2006-10-03 20:10:01,450,1788,0.251677852348993,NO
2006-10-03 22:10:01,450,2260,0.199115044247788,NO
2006-10-04 00:10:02,450,2319,0.19404915912031,NO
2006-10-04 02:10:01,450,1815,0.247933884297521,NO
2006-10-04 04:10:02,450,4300,0.104651162790698,NO
2006-10-04 06:10:02,450,1817,0.247660979636764,NO
2006-10-04 08:10:02,450,3181,0.141464948129519,NO
2006-10-04 10:10:01,450,9486,0.047438330170778,NO
2006-10-04 12:10:01,450,7251,0.0620604054613157,NO
2006-10-04 14:10:01,450,4905,0.0917431192660551,NO
2006-10-04 16:10:01,450,13869,0.0324464633354964,NO
2006-10-04 18:10:01,450,1823,0.246845858475041,NO
2006-10-04 20:10:01,450,6302,0.0714059028879721,NO
2006-10-04 22:10:01,450,1796,0.250556792873051,NO
2006-10-05 00:10:01,450,2470,0.182186234817814,NO
2006-10-05 02:10:01,450,1762,0.25539160045403,NO
2006-10-05 04:10:02,450,3818,0.117862755369303,NO
2006-10-05 06:10:01,450,1690,0.266272189349112,NO
2006-10-05 08:10:01,450,2342,0.192143467122118,NO
2006-10-05 10:10:01,450,1715,0.262390670553936,NO
2006-10-05 12:10:01,450,9499,0.0473734077271292,NO
2006-10-05 14:10:01,450,4632,0.0971502590673575,NO
2006-10-05 16:10:01,450,10317,0.0436173306193661,NO
2006-10-05 18:10:01,450,1735,0.259365994236311,NO
2006-10-05 20:10:01,450,2265,0.198675496688742,NO
2006-10-05 22:10:01,450,1809,0.248756218905473,NO
2006-10-06 00:10:01,450,2266,0.198587819947043,NO
2006-10-06 02:10:01,450,1739,0.258769407705578,NO
2006-10-06 04:10:01,450,4516,0.0996457041629761,NO
2006-10-06 06:10:01,450,1754,0.256556442417332,NO
2006-10-06 08:10:01,450,5053,0.0890560063328716,NO
2006-10-06 10:10:02,450,6813,0.0660501981505945,NO
2006-10-06 12:10:01,450,1893,0.237717908082409,NO
2006-10-06 14:10:01,450,5810,0.0774526678141136,NO
2006-10-06 16:10:01,450,1737,0.259067357512953,NO
2006-10-06 18:10:02,450,2249,0.200088928412628,NO
2006-10-06 20:10:02,450,2121,0.212164073550212,NO
2006-10-06 22:10:01,450,1738,0.25891829689298,NO
2006-10-07 00:10:01,450,2157,0.208623087621697,NO
2006-10-07 02:10:01,450,2095,0.214797136038186,NO
2006-10-07 04:10:02,450,3476,0.12945914844649,NO
2006-10-07 06:10:01,450,1750,0.257142857142857,NO
2006-10-07 08:10:02,450,2100,0.214285714285714,NO
2006-10-07 10:10:02,450,2286,0.196850393700787,NO
2006-10-07 12:10:01,450,4503,0.0999333777481679,NO
2006-10-07 14:10:01,450,2957,0.152181264795401,NO
2006-10-07 16:10:01,450,5013,0.0897666068222621,NO
2006-10-07 18:10:01,450,2040,0.220588235294118,NO
2006-10-07 20:10:02,450,2167,0.207660359944624,NO
2006-10-07 22:10:01,450,2088,0.21551724137931,NO
2006-10-08 00:10:01,450,1731,0.259965337954939,NO
2006-10-08 02:10:01,450,2124,0.211864406779661,NO
2006-10-08 04:10:02,450,4300,0.104651162790698,NO
2006-10-08 06:10:01,450,1746,0.257731958762887,NO
2006-10-08 08:10:01,450,4143,0.108616944243302,NO
2006-10-08 10:10:02,450,1704,0.264084507042254,NO
2006-10-08 12:10:01,450,2252,0.199822380106572,NO
2006-10-08 14:10:01,450,1751,0.256996002284409,NO
2006-10-08 16:10:02,450,2078,0.21655437921078,NO
2006-10-08 18:10:01,450,1664,0.270432692307692,NO
2006-10-08 20:10:01,450,2316,0.194300518134715,NO
2006-10-08 22:10:01,450,2176,0.206801470588235,NO
2006-10-09 00:10:01,450,1696,0.265330188679245,NO
2006-10-09 02:10:01,450,2142,0.210084033613445,NO
2006-10-09 04:10:01,450,4076,0.110402355250245,NO
2006-10-09 06:10:01,450,1696,0.265330188679245,NO
2006-10-09 08:10:02,450,2381,0.188996220075598,NO
2006-10-09 10:10:01,450,7441,0.0604757425077275,NO
2006-10-09 12:10:01,450,4678,0.0961949551090209,NO
2006-10-09 14:10:01,450,2770,0.162454873646209,NO
2006-10-09 16:10:01,450,1755,0.256410256410256,NO
2006-10-09 18:10:01,0,4957,0,YES
2006-10-09 20:10:02,450,2166,0.207756232686981,NO
2006-10-09 22:10:02,450,1745,0.257879656160458,NO
2006-10-10 00:10:01,450,2138,0.210477081384471,NO
2006-10-10 02:10:01,450,1745,0.257879656160458,NO
2006-10-10 04:10:01,450,3859,0.116610520860327,NO
2006-10-10 06:10:01,450,1695,0.265486725663717,NO
2006-10-10 08:10:01,450,2822,0.15946137491141,NO
2006-10-10 10:10:01,450,1745,0.257879656160458,NO
2006-10-10 12:10:01,450,7103,0.0633535126003097,NO
2006-10-10 14:10:02,450,1867,0.241028387787895,NO
2006-10-10 16:10:01,450,2557,0.175987485334376,NO
2006-10-10 18:10:02,450,2654,0.169555388093444,NO
2006-10-10 20:10:01,450,1738,0.25891829689298,NO
2006-10-10 22:10:01,450,2123,0.211964201601507,NO
2006-10-11 00:10:01,450,1734,0.259515570934256,NO
2006-10-11 02:10:01,450,2171,0.207277752187932,NO
2006-10-11 04:10:02,450,3951,0.113895216400911,NO
2006-10-11 06:10:01,450,1680,0.267857142857143,NO
2006-10-11 08:10:01,450,2549,0.176539819537073,NO
2006-10-11 10:10:01,450,2017,0.22310361923649,NO
2006-10-11 12:10:02,450,2067,0.217706821480406,NO
2006-10-11 14:10:01,450,1904,0.236344537815126,NO
2006-10-11 16:10:01,450,2912,0.154532967032967,NO
2006-10-11 18:10:01,450,1823,0.246845858475041,NO
2006-10-11 20:10:02,450,7057,0.0637664730055264,NO
2006-10-11 22:10:01,450,1750,0.257142857142857,NO
2006-10-12 00:10:02,450,2207,0.203896692342546,NO
2006-10-12 02:10:01,450,1741,0.25847214244687,NO
2006-10-12 04:10:02,450,3826,0.117616309461579,NO
2006-10-12 06:10:01,450,1781,0.252667040988209,NO
2006-10-12 08:10:02,450,2363,0.19043588658485,NO
2006-10-12 10:10:02,450,6486,0.0693802035152636,NO
2006-10-12 12:10:01,450,1900,0.236842105263158,NO
2006-10-12 14:10:01,450,2505,0.179640718562874,NO
2006-10-12 16:10:01,450,1750,0.257142857142857,NO
2006-10-12 18:10:02,450,4742,0.0948966680725432,NO
2006-10-12 20:10:02,450,3415,0.131771595900439,NO
2006-10-12 22:10:01,450,2091,0.215208034433286,NO
2006-10-13 00:10:01,450,2124,0.211864406779661,NO
2006-10-13 02:10:01,450,1934,0.232678386763185,NO
2006-10-13 04:10:02,450,3650,0.123287671232877,NO
2006-10-13 06:10:01,450,1812,0.248344370860927,NO
2006-10-13 08:10:01,450,2202,0.204359673024523,NO
2006-10-13 10:10:01,450,3821,0.117770217220623,NO
2006-10-13 12:10:02,450,2176,0.206801470588235,NO
2006-10-13 14:10:01,450,2185,0.205949656750572,NO
2006-10-13 16:10:01,450,2214,0.203252032520325,NO
2006-10-13 18:10:01,450,2374,0.18955349620893,NO
2006-10-13 20:10:02,450,2143,0.209986000933271,NO
2006-10-13 22:10:01,450,1767,0.254668930390492,NO
2006-10-14 00:10:01,450,2487,0.180940892641737,NO
2006-10-14 02:10:02,450,2086,0.215723873441994,NO
2006-10-14 04:10:02,450,4849,0.0928026397195298,NO
2006-10-14 06:10:01,450,1774,0.253664036076663,NO
2006-10-14 08:10:01,450,2159,0.208429828624363,NO
2006-10-14 10:10:01,450,4224,0.106534090909091,NO
2006-10-14 12:10:01,450,1781,0.252667040988209,NO
2006-10-14 14:10:01,450,2303,0.195397307859314,NO
2006-10-14 16:10:02,450,2167,0.207660359944624,NO
2006-10-14 18:10:01,450,2195,0.20501138952164,NO
2006-10-14 20:10:01,450,1784,0.252242152466368,NO
2006-10-14 22:10:01,450,2109,0.213371266002845,NO
2006-10-15 00:10:01,450,2188,0.205667276051188,NO
2006-10-15 02:10:01,450,1779,0.252951096121417,NO
2006-10-15 04:10:01,450,3791,0.118702189395938,NO
2006-10-15 06:10:02,450,1794,0.250836120401338,NO
2006-10-15 08:10:01,450,2313,0.194552529182879,NO
2006-10-15 10:10:01,450,2101,0.214183722037125,NO
2006-10-15 12:10:02,450,1823,0.246845858475041,NO
2006-10-15 14:10:01,450,2327,0.193382036957456,NO
2006-10-15 16:10:01,450,1803,0.249584026622296,NO
2006-10-15 18:10:02,450,4114,0.109382596013612,NO
2006-10-15 20:10:01,450,1767,0.254668930390492,NO
2006-10-15 22:10:01,450,2602,0.172943889315911,NO
2006-10-16 00:10:01,450,8176,0.0550391389432485,NO
2006-10-16 02:10:01,450,1790,0.251396648044693,NO
2006-10-16 04:10:02,450,8632,0.0521316033364226,NO
2006-10-16 06:10:01,450,1777,0.253235790658413,NO
2006-10-16 08:10:01,450,2183,0.206138341731562,NO
2006-10-16 10:10:01,450,2298,0.195822454308094,NO
2006-10-16 12:10:01,450,3767,0.119458455003982,NO
2006-10-16 14:10:01,450,5548,0.0811103100216294,NO
2006-10-16 16:10:02,450,2281,0.197281893906182,NO
2006-10-16 18:10:01,450,1775,0.253521126760563,NO
2006-10-16 20:10:01,450,2281,0.197281893906182,NO
2006-10-16 22:10:02,450,2213,0.203343877089923,NO
2006-10-17 00:10:01,450,4579,0.0982747324743394,NO
2006-10-17 02:10:01,450,2124,0.211864406779661,NO
2006-10-17 04:10:02,450,4267,0.105460510897586,NO
2006-10-17 06:10:01,450,1792,0.251116071428571,NO
2006-10-17 08:10:01,450,2250,0.2,NO
2006-10-17 10:10:01,450,3484,0.129161882893226,NO
2006-10-17 12:10:01,450,6715,0.0670141474311244,NO
2006-10-17 14:10:02,450,3370,0.13353115727003,NO
2006-10-17 16:10:02,450,2236,0.201252236135957,NO
2006-10-17 18:10:01,450,2763,0.162866449511401,NO
2006-10-17 20:10:01,450,2161,0.20823692734845,NO
2006-10-17 22:10:01,450,2138,0.210477081384471,NO
2006-10-18 00:10:01,450,2109,0.213371266002845,NO
2006-10-18 02:10:01,450,1929,0.233281493001555,NO
2006-10-18 04:10:01,450,3918,0.114854517611026,NO
2006-10-18 06:10:02,450,1798,0.25027808676307,NO
2006-10-18 08:10:02,450,2485,0.181086519114688,NO
2006-10-18 10:10:01,450,2467,0.182407782732063,NO
2006-10-18 12:10:01,450,1972,0.228194726166329,NO
2006-10-18 14:10:01,450,2707,0.166235685260436,NO
2006-10-18 16:10:01,450,2575,0.174757281553398,NO
2006-10-18 18:10:01,450,2227,0.202065559048047,NO
2006-10-18 20:10:01,450,2106,0.213675213675214,NO
2006-10-18 22:10:01,450,2066,0.217812197483059,NO
2006-10-19 00:10:01,450,1696,0.265330188679245,NO
2006-10-19 02:10:01,450,2099,0.214387803716055,NO
2006-10-19 04:10:01,450,3851,0.116852765515451,NO
2006-10-19 06:10:01,450,1709,0.263311878291398,NO
2006-10-19 08:10:01,450,7590,0.0592885375494071,NO
2006-10-19 10:10:01,450,1792,0.251116071428571,NO
2006-10-19 12:10:01,450,2349,0.191570881226054,NO
2006-10-19 14:10:01,450,3314,0.135787567893784,NO
2006-10-19 16:10:01,450,2330,0.1931330472103,NO
2006-10-19 18:10:01,450,2087,0.215620507906085,NO
2006-10-19 20:10:01,450,1689,0.266429840142096,NO
2006-10-19 22:10:01,450,2207,0.203896692342546,NO
2006-10-20 00:10:02,450,1704,0.264084507042254,NO
2006-10-20 02:10:01,450,7116,0.0632377740303541,NO
2006-10-20 04:10:02,450,7053,0.0638026371756699,NO
2006-10-20 06:10:02,450,1913,0.235232618923157,NO
2006-10-20 08:10:01,450,2101,0.214183722037125,NO
2006-10-20 10:10:01,450,1785,0.252100840336134,NO
2006-10-20 12:10:01,450,2268,0.198412698412698,NO
2006-10-20 14:10:02,450,7153,0.0629106668530686,NO
2006-10-20 16:10:01,450,2759,0.163102573396158,NO
2006-10-20 18:10:01,450,1674,0.268817204301075,NO
2006-10-20 20:10:01,450,2050,0.219512195121951,NO
2006-10-20 22:10:01,450,2137,0.210575573233505,NO
2006-10-21 00:10:01,450,1677,0.268336314847943,NO
2006-10-21 02:10:01,450,2058,0.21865889212828,NO
2006-10-21 04:10:02,450,3943,0.114126299771747,NO
2006-10-21 06:10:01,450,1693,0.265800354400473,NO
2006-10-21 08:10:01,450,2008,0.224103585657371,NO
2006-10-21 10:10:01,450,5170,0.0870406189555126,NO
2006-10-21 12:10:02,450,2038,0.220804710500491,NO
2006-10-21 14:10:02,450,2134,0.21087160262418,NO
2006-10-21 16:10:01,450,1678,0.268176400476758,NO
2006-10-21 18:10:01,450,2183,0.206138341731562,NO
2006-10-21 20:10:01,450,1771,0.254093732354602,NO
2006-10-21 22:10:01,450,2012,0.223658051689861,NO
2006-10-22 00:10:02,450,2005,0.224438902743142,NO
2006-10-22 02:10:01,450,1677,0.268336314847943,NO
2006-10-22 04:10:01,450,4092,0.109970674486804,NO
2006-10-22 06:10:01,450,1692,0.265957446808511,NO
2006-10-22 08:10:01,450,2031,0.221565731166913,NO
2006-10-22 10:10:02,450,2201,0.2044525215811,NO
2006-10-22 12:10:01,450,1689,0.266429840142096,NO
2006-10-22 14:10:01,450,5390,0.0834879406307978,NO
2006-10-22 16:10:01,450,1729,0.260266049739734,NO
2006-10-22 18:10:01,450,5318,0.0846182775479504,NO
2006-10-22 20:10:02,450,2109,0.213371266002845,NO
2006-10-22 22:10:01,450,1764,0.255102040816327,NO
2006-10-23 00:10:01,450,2106,0.213675213675214,NO
2006-10-23 02:10:01,450,2300,0.195652173913043,NO
2006-10-23 04:10:01,450,4808,0.0935940099833611,NO
2006-10-23 06:10:01,450,1720,0.261627906976744,NO
2006-10-23 08:10:01,450,2099,0.214387803716055,NO
2006-10-23 10:10:01,450,2807,0.160313501959387,NO
2006-10-23 12:10:01,450,1927,0.233523611831863,NO
2006-10-23 14:10:01,450,6111,0.0736377025036819,NO
2006-10-23 16:10:02,450,2270,0.198237885462555,NO
2006-10-23 18:10:01,450,4961,0.0907075186454344,NO
2006-10-23 20:10:01,450,2095,0.214797136038186,NO
2006-10-23 22:10:02,450,2276,0.197715289982425,NO
2006-10-24 00:10:01,450,2074,0.216972034715526,NO
2006-10-24 02:10:01,450,1730,0.260115606936416,NO
2006-10-24 04:10:01,450,3817,0.117893633743778,NO
2006-10-24 06:10:01,0,41075,0,YES
2006-10-24 08:10:02,450,2330,0.1931330472103,NO
2006-10-24 10:10:01,450,2151,0.209205020920502,NO
2006-10-24 12:10:01,450,1955,0.230179028132992,NO
2006-10-24 14:10:01,450,4266,0.105485232067511,NO
2006-10-24 16:10:01,450,3581,0.12566322256353,NO
2006-10-24 18:10:01,450,2836,0.15867418899859,NO
2006-10-24 20:10:01,450,1773,0.253807106598985,NO
2006-10-24 22:10:01,450,2146,0.209692451071761,NO
2006-10-25 00:10:01,450,2342,0.192143467122118,NO
2006-10-25 02:10:02,450,2123,0.211964201601507,NO
2006-10-25 04:10:02,450,3892,0.115621788283659,NO
2006-10-25 06:10:02,450,1741,0.25847214244687,NO
2006-10-25 08:10:01,450,4645,0.0968783638320775,NO
2006-10-25 10:10:01,450,15865,0.0283643239836117,NO
2006-10-25 12:10:01,450,3041,0.147977638934561,NO
2006-10-25 14:10:02,450,2970,0.151515151515152,NO
2006-10-25 16:10:01,450,2274,0.197889182058047,NO
2006-10-25 18:10:01,450,2023,0.222441917943648,NO
2006-10-25 20:10:01,450,2558,0.175918686473808,NO
2006-10-25 22:10:01,450,2241,0.200803212851406,NO
2006-10-26 00:10:01,450,1992,0.225903614457831,NO
2006-10-26 02:10:01,450,2488,0.180868167202572,NO
2006-10-26 04:10:01,450,4491,0.100200400801603,NO
2006-10-26 06:10:01,450,2049,0.219619326500732,NO
2006-10-26 08:10:01,450,2822,0.15946137491141,NO
2006-10-26 10:10:02,450,2560,0.17578125,NO
2006-10-26 12:10:02,450,2409,0.186799501867995,NO
2006-10-26 14:10:01,450,5094,0.088339222614841,NO
2006-10-26 16:10:01,450,6104,0.0737221494102228,NO
2006-10-26 18:10:01,450,4576,0.0983391608391608,NO
2006-10-26 20:10:01,450,2242,0.2007136485281,NO
2006-10-26 22:10:02,450,2185,0.205949656750572,NO
2006-10-27 00:10:01,450,3085,0.145867098865478,NO
2006-10-27 02:10:02,450,2446,0.183973834832379,NO
2006-10-27 04:10:01,450,4300,0.104651162790698,NO
2006-10-27 06:10:01,450,1833,0.245499181669394,NO
2006-10-27 08:10:01,450,2325,0.193548387096774,NO
2006-10-27 10:10:02,450,2383,0.188837599664289,NO
2006-10-27 12:10:01,450,10458,0.0430292598967298,NO
2006-10-27 14:10:01,450,3502,0.128498001142204,NO
2006-10-27 16:10:02,450,1858,0.242195909580194,NO
2006-10-27 18:10:02,450,2416,0.186258278145695,NO
2006-10-27 20:10:01,450,1822,0.246981339187706,NO
2006-10-27 22:10:01,450,2277,0.197628458498024,NO
2006-10-28 00:10:01,450,2908,0.15474552957359,NO
2006-10-28 02:10:01,450,1987,0.226472068444892,NO
2006-10-28 04:10:01,450,4474,0.100581135449262,NO
2006-10-28 06:10:02,450,5114,0.0879937426671881,NO
2006-10-28 08:10:01,450,2286,0.196850393700787,NO
2006-10-28 10:10:02,450,2259,0.199203187250996,NO
2006-10-28 12:10:01,450,4700,0.0957446808510638,NO
2006-10-28 14:10:01,450,2507,0.179497407259673,NO
2006-10-28 16:10:01,450,1903,0.23646873357856,NO
2006-10-28 18:10:01,450,2462,0.182778229082047,NO
2006-10-28 20:10:01,450,1861,0.241805480924234,NO
2006-10-28 22:10:02,450,11807,0.0381129838231558,NO
2006-10-29 00:10:01,450,1826,0.246440306681271,NO
2006-10-29 02:10:01,450,5045,0.089197224975223,NO
2006-10-29 04:10:01,450,8408,0.0535204567078972,NO
2006-10-29 06:10:02,450,2006,0.22432701894317,NO
2006-10-29 08:10:01,450,2217,0.20297699594046,NO
2006-10-29 10:10:01,450,1836,0.245098039215686,NO
2006-10-29 12:10:02,450,2383,0.188837599664289,NO
2006-10-29 14:10:02,450,2372,0.189713322091062,NO
2006-10-29 16:10:01,450,1788,0.251677852348993,NO
2006-10-29 18:10:01,450,2295,0.196078431372549,NO
2006-10-29 20:10:01,450,2254,0.199645075421473,NO
2006-10-29 22:10:02,450,2307,0.195058517555267,NO
2006-10-30 00:10:02,450,5310,0.0847457627118644,NO
2006-10-30 02:10:01,450,1825,0.246575342465753,NO
2006-10-30 04:10:01,450,3867,0.116369278510473,NO
2006-10-30 06:10:01,450,4999,0.0900180036007201,NO
2006-10-30 08:10:01,450,2304,0.1953125,NO
2006-10-30 10:10:02,450,6198,0.0726040658276863,NO
2006-10-30 12:10:01,450,2500,0.18,NO
2006-10-30 14:10:01,450,2757,0.163220892274211,NO
2006-10-30 16:10:01,450,2378,0.189234650967199,NO
2006-10-30 18:10:02,450,3501,0.12853470437018,NO
2006-10-30 20:10:01,450,1931,0.233039875712066,NO
2006-10-30 22:10:01,450,2499,0.180072028811525,NO
2006-10-31 00:10:02,450,1865,0.241286863270777,NO
2006-10-31 02:10:02,450,2248,0.20017793594306,NO
2006-10-31 04:10:02,450,4574,0.0983821600349803,NO
2006-10-31 06:10:01,450,7401,0.0608025942440211,NO
2006-10-31 08:10:01,450,1803,0.249584026622296,NO
2006-10-31 10:10:01,450,2298,0.195822454308094,NO
2006-10-31 12:10:01,450,1853,0.242849433351322,NO
2006-10-31 14:10:01,450,3601,0.124965287420161,NO
2006-10-31 16:10:01,450,2009,0.223992035838726,NO
2006-10-31 18:10:01,450,2244,0.200534759358289,NO
2006-10-31 20:10:02,450,1805,0.249307479224377,NO
2006-10-31 22:10:02,450,2171,0.207277752187932,NO
2006-11-01 00:10:01,450,1971,0.228310502283105,NO
2006-11-01 02:10:01,450,2143,0.209986000933271,NO
2006-11-01 04:10:02,450,4192,0.107347328244275,NO
2006-11-01 06:10:01,450,1847,0.243638332430969,NO
2006-11-01 08:10:02,450,2321,0.19388194743645,NO
2006-11-01 10:10:01,450,1840,0.244565217391304,NO
2006-11-01 12:10:01,450,2339,0.192389910218042,NO
2006-11-01 14:10:02,450,1809,0.248756218905473,NO
2006-11-01 16:10:01,450,2231,0.201703272075303,NO
2006-11-01 18:10:01,450,7672,0.0586548488008342,NO
2006-11-01 20:10:02,450,2293,0.196249454862625,NO
2006-11-01 22:10:01,450,2363,0.19043588658485,NO
2006-11-02 00:10:01,450,2010,0.223880597014925,NO
2006-11-02 02:10:02,450,2264,0.198763250883392,NO
2006-11-02 04:10:02,450,4608,0.09765625,NO
2006-11-02 06:10:02,450,7621,0.0590473691116651,NO
2006-11-02 08:10:01,450,1864,0.241416309012876,NO
2006-11-02 10:10:02,450,3204,0.140449438202247,NO
2006-11-02 12:10:01,450,2119,0.212364322793771,NO
2006-11-02 14:10:01,450,2328,0.193298969072165,NO
2006-11-02 16:10:02,450,1924,0.233887733887734,NO
2006-11-02 18:10:01,450,2326,0.193465176268272,NO
2006-11-02 20:10:02,450,2365,0.190274841437632,NO
2006-11-02 22:10:01,450,1995,0.225563909774436,NO
2006-11-03 00:10:01,450,2192,0.20529197080292,NO
2006-11-03 02:10:01,450,2349,0.191570881226054,NO
2006-11-03 04:10:01,450,3909,0.115118956254797,NO
2006-11-03 06:10:01,450,2398,0.187656380316931,NO
2006-11-03 08:10:01,450,2475,0.181818181818182,NO
2006-11-03 10:10:02,450,3420,0.131578947368421,NO
2006-11-03 12:10:01,450,4984,0.0902889245585875,NO
2006-11-03 14:10:01,450,2785,0.161579892280072,NO
2006-11-03 16:10:02,450,2904,0.15495867768595,NO
2006-11-03 18:10:01,450,2137,0.210575573233505,NO
2006-11-03 20:10:01,450,2433,0.184956843403206,NO
2006-11-03 22:10:01,450,2266,0.198587819947043,NO
2006-11-04 00:10:01,450,2951,0.152490681125042,NO
2006-11-04 02:10:01,450,2836,0.15867418899859,NO
2006-11-04 04:10:01,450,4849,0.0928026397195298,NO
2006-11-04 06:10:01,450,2170,0.207373271889401,NO
2006-11-04 08:10:02,450,2675,0.168224299065421,NO
2006-11-04 10:10:01,450,1827,0.246305418719212,NO
2006-11-04 12:10:01,450,2290,0.196506550218341,NO
2006-11-04 14:10:01,450,1883,0.238980350504514,NO
2006-11-04 16:10:01,450,2329,0.193215972520395,NO
2006-11-04 18:10:02,450,2578,0.17455391776571,NO
2006-11-04 20:10:01,450,1947,0.231124807395994,NO
2006-11-04 22:10:01,450,2137,0.210575573233505,NO
2006-11-05 00:10:01,450,1869,0.240770465489567,NO
2006-11-05 02:10:01,450,2783,0.161696011498383,NO
2006-11-05 04:10:02,450,4068,0.110619469026549,NO
2006-11-05 06:10:02,450,2083,0.216034565530485,NO
2006-11-05 08:10:01,450,2456,0.183224755700326,NO
2006-11-05 10:10:01,450,4741,0.0949166842438304,NO
2006-11-05 12:10:02,450,2196,0.204918032786885,NO
2006-11-05 14:10:02,450,2445,0.184049079754601,NO
2006-11-05 16:10:01,450,1853,0.242849433351322,NO
2006-11-05 18:10:01,450,4220,0.106635071090047,NO
2006-11-05 20:10:01,450,2049,0.219619326500732,NO
2006-11-05 22:10:02,450,2705,0.166358595194085,NO
2006-11-06 00:10:02,450,2157,0.208623087621697,NO
2006-11-06 02:10:01,450,2576,0.174689440993789,NO
2006-11-06 04:10:01,450,4841,0.0929560008262756,NO
2006-11-06 06:10:01,450,1864,0.241416309012876,NO
2006-11-06 08:10:01,450,5282,0.0851950018932223,NO
2006-11-06 10:10:01,450,2105,0.213776722090261,NO
2006-11-06 12:10:01,450,2559,0.175849941383353,NO
2006-11-06 14:10:01,450,1862,0.241675617615467,NO
2006-11-06 16:10:02,450,4165,0.108043217286915,NO
2006-11-06 18:10:02,450,5431,0.0828576689375806,NO
2006-11-06 20:10:01,450,1920,0.234375,NO
2006-11-06 22:10:01,450,2558,0.175918686473808,NO
2006-11-07 00:10:02,450,4519,0.099579552998451,NO
2006-11-07 02:10:01,450,1962,0.229357798165138,NO
2006-11-07 04:10:02,450,4025,0.111801242236025,NO
2006-11-07 06:10:01,450,1799,0.250138966092273,NO
2006-11-07 08:10:01,450,2198,0.204731574158326,NO
2006-11-07 10:10:01,450,4551,0.0988793671720501,NO
2006-11-07 12:10:01,450,1919,0.234497133923919,NO
2006-11-07 14:10:01,450,4248,0.105932203389831,NO
2006-11-07 16:10:01,450,7600,0.0592105263157895,NO
2006-11-07 18:10:01,450,5052,0.0890736342042755,NO
2006-11-07 20:10:01,450,4856,0.092668863261944,NO
2006-11-07 22:10:01,450,1950,0.230769230769231,NO
2006-11-08 00:10:02,450,7563,0.0595001983339944,NO
2006-11-08 02:10:01,450,4454,0.101032779524023,NO
2006-11-08 04:10:01,450,6238,0.0721385059313883,NO
2006-11-08 06:10:01,450,2768,0.16257225433526,NO
2006-11-08 08:10:02,450,2622,0.17162471395881,NO
2006-11-08 10:10:01,450,1909,0.235725510738607,NO
2006-11-08 12:10:02,450,2293,0.196249454862625,NO
2006-11-08 14:10:01,450,7177,0.0627002926013655,NO
2006-11-08 16:10:01,450,1924,0.233887733887734,NO
2006-11-08 18:10:01,450,2379,0.189155107187894,NO
2006-11-08 20:10:01,450,1982,0.227043390514632,NO
2006-11-08 22:10:01,450,4858,0.092630712227254,NO
2006-11-09 00:10:02,450,2332,0.192967409948542,NO
2006-11-09 02:10:01,450,2992,0.150401069518717,NO
2006-11-09 04:10:02,450,8150,0.0552147239263804,NO
2006-11-09 06:10:02,450,1943,0.231600617601647,NO
2006-11-09 08:10:01,450,2502,0.179856115107914,NO
2006-11-09 10:10:01,450,1866,0.241157556270096,NO
2006-11-09 12:10:02,450,4248,0.105932203389831,NO
2006-11-09 14:10:02,450,2387,0.188521156263092,NO
2006-11-09 16:10:01,450,1897,0.237216657880865,NO
2006-11-09 18:10:01,450,2183,0.206138341731562,NO
2006-11-09 20:10:02,450,2329,0.193215972520395,NO
2006-11-09 22:10:01,450,2098,0.214489990467112,NO
2006-11-10 00:10:01,450,2706,0.16629711751663,NO
2006-11-10 02:10:01,450,1925,0.233766233766234,NO
2006-11-10 04:10:01,450,4616,0.0974870017331022,NO
2006-11-10 06:10:01,450,1901,0.236717517096265,NO
2006-11-10 08:10:02,450,2330,0.1931330472103,NO
2006-11-10 10:10:01,450,1860,0.241935483870968,NO
2006-11-10 12:10:01,450,2635,0.170777988614801,NO
2006-11-10 14:10:01,450,1949,0.230887634684454,NO
2006-11-10 16:10:01,450,2246,0.200356188780053,NO
2006-11-10 18:10:01,450,4397,0.102342506254264,NO
2006-11-10 20:10:01,450,12084,0.0372393247269116,NO
2006-11-10 22:10:01,450,1793,0.250976017847183,NO
2006-11-11 00:10:01,450,5691,0.0790722192936215,NO
2006-11-11 02:10:01,450,2426,0.185490519373454,NO
2006-11-11 04:10:01,450,4808,0.0935940099833611,NO
2006-11-11 06:10:02,450,1814,0.248070562293275,NO
2006-11-11 08:10:01,450,2469,0.182260024301337,NO
2006-11-11 10:10:01,450,1803,0.249584026622296,NO
2006-11-11 12:10:01,450,2325,0.193548387096774,NO
2006-11-11 14:10:02,450,2313,0.194552529182879,NO
2006-11-11 16:10:01,450,1840,0.244565217391304,NO
2006-11-11 18:10:01,450,6374,0.0705993096956385,NO
2006-11-11 20:10:01,450,2213,0.203343877089923,NO
2006-11-11 22:10:01,450,2438,0.184577522559475,NO
2006-11-12 00:10:01,450,5067,0.088809946714032,NO
2006-11-12 02:10:01,450,2414,0.186412593206297,NO
2006-11-12 04:10:01,450,3984,0.112951807228916,NO
2006-11-12 06:10:02,450,1932,0.232919254658385,NO
2006-11-12 08:10:01,450,2257,0.199379707576429,NO
2006-11-12 10:10:01,450,1936,0.232438016528926,NO
2006-11-12 12:10:02,450,2297,0.195907705703091,NO
2006-11-12 14:10:01,450,11579,0.0388634597115468,NO
2006-11-12 16:10:02,450,2348,0.191652470187394,NO
2006-11-12 18:10:01,450,1861,0.241805480924234,NO
2006-11-12 20:10:01,450,4483,0.100379210350212,NO
2006-11-12 22:10:01,450,1842,0.244299674267101,NO
2006-11-13 00:10:01,450,2374,0.18955349620893,NO
2006-11-13 02:10:01,450,1858,0.242195909580194,NO
2006-11-13 04:10:02,450,4533,0.0992720052945069,NO
2006-11-13 06:10:02,450,5308,0.0847776940467219,NO
2006-11-13 08:10:02,450,2429,0.185261424454508,NO
2006-11-13 10:10:01,450,4327,0.10399815114398,NO
2006-11-13 12:10:01,450,1934,0.232678386763185,NO
2006-11-13 14:10:01,450,4928,0.0913149350649351,NO
2006-11-13 16:10:01,450,2094,0.214899713467049,NO
2006-11-13 18:10:01,450,2343,0.192061459667093,NO
2006-11-13 20:10:01,450,4801,0.0937304728181629,NO
2006-11-13 22:10:01,450,2346,0.191815856777494,NO
2006-11-14 00:10:01,450,1856,0.242456896551724,NO
2006-11-14 02:10:01,450,2583,0.174216027874564,NO
2006-11-14 04:10:01,450,7727,0.0582373495535137,NO
2006-11-14 06:10:01,450,2052,0.219298245614035,NO
2006-11-14 08:10:01,450,2396,0.187813021702838,NO
2006-11-14 10:10:01,450,1878,0.23961661341853,NO
2006-11-14 12:10:01,450,2713,0.165868042757095,NO
2006-11-14 14:10:01,450,1999,0.225112556278139,NO
2006-11-14 16:10:01,450,2208,0.203804347826087,NO
2006-11-14 18:10:01,450,4306,0.104505341384115,NO
2006-11-14 20:10:01,450,1854,0.242718446601942,NO
2006-11-14 22:10:02,450,5511,0.0816548720740338,NO
2006-11-15 00:10:01,450,2068,0.217601547388781,NO
2006-11-15 02:10:02,450,3698,0.121687398593835,NO
2006-11-15 04:10:02,450,7435,0.0605245460659045,NO
2006-11-15 06:10:01,450,2296,0.195993031358885,NO
2006-11-15 08:10:01,450,2342,0.192143467122118,NO
2006-11-15 10:10:02,450,1897,0.237216657880865,NO
2006-11-15 12:10:02,450,2545,0.176817288801572,NO
2006-11-15 14:10:02,450,2061,0.218340611353712,NO
2006-11-15 16:10:01,450,9922,0.0453537593227172,NO
2006-11-15 18:10:01,450,1924,0.233887733887734,NO
2006-11-15 20:10:02,450,5383,0.0835965075236857,NO
2006-11-15 22:10:01,450,1884,0.238853503184713,NO
2006-11-16 00:10:02,450,2866,0.157013258897418,NO
2006-11-16 02:10:01,450,1910,0.235602094240838,NO
2006-11-16 04:10:02,450,4442,0.10130571814498,NO
2006-11-16 06:10:01,450,1963,0.229240957717779,NO
2006-11-16 08:10:02,450,2267,0.198500220555801,NO
2006-11-16 10:10:01,450,5116,0.0879593432369038,NO
2006-11-16 12:10:01,450,2481,0.181378476420798,NO
2006-11-16 14:10:01,450,7241,0.0621461124154122,NO
2006-11-16 16:10:02,450,2021,0.222662048490846,NO
2006-11-16 18:10:02,450,2748,0.163755458515284,NO
2006-11-16 20:10:02,450,1898,0.23709167544784,NO
2006-11-16 22:10:02,450,2404,0.187188019966722,NO
2006-11-17 00:10:01,450,2101,0.214183722037125,NO
2006-11-17 02:10:01,450,2219,0.202794051374493,NO
2006-11-17 04:10:01,450,4109,0.109515697249939,NO
2006-11-17 06:10:01,450,1913,0.235232618923157,NO
2006-11-17 08:10:01,450,2232,0.201612903225806,NO
2006-11-17 10:10:01,450,4761,0.0945179584120983,NO
2006-11-17 12:10:01,450,2514,0.178997613365155,NO
2006-11-17 14:10:01,450,5471,0.0822518735148967,NO
2006-11-17 16:10:01,450,2676,0.168161434977578,NO
2006-11-17 18:10:01,450,9773,0.0460452266448378,NO
2006-11-17 20:10:01,450,1842,0.244299674267101,NO
2006-11-17 22:10:01,450,2598,0.173210161662818,NO
2006-11-18 00:10:01,450,2475,0.181818181818182,NO
2006-11-18 02:10:01,450,5114,0.0879937426671881,NO
2006-11-18 04:10:01,450,3229,0.139362031588727,NO
2006-11-18 06:10:01,450,3121,0.144184556231977,NO
2006-11-18 08:10:01,450,2230,0.201793721973094,NO
2006-11-18 10:10:01,450,9209,0.0488652405255728,NO
2006-11-18 12:10:02,450,5276,0.0852918877937832,NO
2006-11-18 14:10:02,450,10499,0.0428612248785599,NO
2006-11-18 16:10:02,450,1883,0.238980350504514,NO
2006-11-18 18:10:01,450,2624,0.171493902439024,NO
2006-11-18 20:10:01,450,2070,0.217391304347826,NO
2006-11-18 22:10:01,450,2451,0.18359853121175,NO
2006-11-19 00:10:01,450,2970,0.151515151515152,NO
2006-11-19 02:10:01,450,1926,0.233644859813084,NO
2006-11-19 04:10:01,450,3909,0.115118956254797,NO
2006-11-19 06:10:02,450,15045,0.0299102691924227,NO
2006-11-19 08:10:01,450,1988,0.22635814889336,NO
2006-11-19 10:10:01,450,2634,0.170842824601367,NO
2006-11-19 12:10:01,450,2592,0.173611111111111,NO
2006-11-19 14:10:02,450,4990,0.0901803607214429,NO
2006-11-19 16:10:01,450,7610,0.0591327201051248,NO
2006-11-19 18:10:01,450,2026,0.222112537018756,NO
2006-11-19 20:10:01,450,4620,0.0974025974025974,NO
